-- MySQL dump 10.13  Distrib 8.0.32, for Win64 (x86_64)
--
-- Host: 140.131.114.242    Database: 112-dog
-- ------------------------------------------------------
-- Server version	8.0.34-0ubuntu0.20.04.1

/*!40101 SET @OLD_CHARACTER_SET_CLIENT=@@CHARACTER_SET_CLIENT */;
/*!40101 SET @OLD_CHARACTER_SET_RESULTS=@@CHARACTER_SET_RESULTS */;
/*!40101 SET @OLD_COLLATION_CONNECTION=@@COLLATION_CONNECTION */;
/*!50503 SET NAMES utf8 */;
/*!40103 SET @OLD_TIME_ZONE=@@TIME_ZONE */;
/*!40103 SET TIME_ZONE='+00:00' */;
/*!40014 SET @OLD_UNIQUE_CHECKS=@@UNIQUE_CHECKS, UNIQUE_CHECKS=0 */;
/*!40014 SET @OLD_FOREIGN_KEY_CHECKS=@@FOREIGN_KEY_CHECKS, FOREIGN_KEY_CHECKS=0 */;
/*!40101 SET @OLD_SQL_MODE=@@SQL_MODE, SQL_MODE='NO_AUTO_VALUE_ON_ZERO' */;
/*!40111 SET @OLD_SQL_NOTES=@@SQL_NOTES, SQL_NOTES=0 */;

--
-- Table structure for table `answer_records`
--

DROP TABLE IF EXISTS `answer_records`;
/*!40101 SET @saved_cs_client     = @@character_set_client */;
/*!50503 SET character_set_client = utf8mb4 */;
CREATE TABLE `answer_records` (
  `Aid` int NOT NULL AUTO_INCREMENT COMMENT '答題編號',
  `Uid` int NOT NULL COMMENT '使用者編號',
  `Qid` int NOT NULL COMMENT '題目編號',
  `u_answer` varchar(50) NOT NULL COMMENT '使用者回答的答案',
  `is_correct` char(1) NOT NULL COMMENT 'T(true)/F(false)',
  `create_time` datetime NOT NULL COMMENT '回答時間',
  PRIMARY KEY (`Aid`),
  KEY `user_login UID_idx` (`Uid`),
  KEY `questions QID_idx` (`Qid`),
  CONSTRAINT `questions QID` FOREIGN KEY (`Qid`) REFERENCES `questions` (`Qid`),
  CONSTRAINT `user_login UID` FOREIGN KEY (`Uid`) REFERENCES `user_login` (`Uid`)
) ENGINE=InnoDB AUTO_INCREMENT=104 DEFAULT CHARSET=utf8mb4 COLLATE=utf8mb4_0900_ai_ci COMMENT='使用者回答紀錄';
/*!40101 SET character_set_client = @saved_cs_client */;

--
-- Dumping data for table `answer_records`
--

LOCK TABLES `answer_records` WRITE;
/*!40000 ALTER TABLE `answer_records` DISABLE KEYS */;
INSERT INTO `answer_records` VALUES (69,45,17,'美國','F','2023-07-08 01:27:18'),(70,45,61,'被毛','F','2023-07-10 13:45:49'),(71,45,106,'40~42','F','2023-07-10 13:45:51'),(72,45,93,'食物飲水','F','2023-07-13 04:38:09'),(73,45,112,'西施犬','F','2023-07-13 04:38:14'),(74,45,43,'13 英吋','F','2023-07-13 04:38:17'),(75,45,52,'水平咬合(Level bite)','F','2023-07-13 04:38:20'),(76,45,8,'6個月','F','2023-07-13 04:38:23'),(77,45,37,'狼犬','F','2023-07-13 04:38:25'),(78,45,54,'大頭','F','2023-07-13 04:38:28'),(79,45,74,'溫馴','T','2023-07-13 04:38:32'),(80,45,98,'蘋果','T','2023-07-13 04:38:35'),(81,45,59,'幼犬型','F','2023-07-13 13:38:31'),(82,45,11,'英國','F','2023-07-23 05:38:37'),(83,45,25,'垂耳','T','2023-07-23 05:38:41'),(84,45,49,'毛色純白','F','2023-07-23 06:16:30'),(85,45,4,'日本','F','2023-07-23 06:16:58'),(86,45,77,'頂毛不能剪，只露鼻、口','T','2023-07-23 06:17:23'),(87,45,36,'鬥牛犬','F','2023-07-23 07:24:33'),(88,45,107,'42顆','T','2023-07-23 07:24:57'),(89,45,64,'尼泊爾','F','2023-07-23 07:43:58'),(90,45,15,'英國','T','2023-07-23 07:51:36'),(91,45,12,'英國','T','2023-08-03 05:31:15'),(92,45,9,'紐西蘭','F','2023-08-03 07:07:21'),(93,45,81,'雙重毛','F','2023-08-03 07:10:31'),(94,45,110,'大約450種','T','2023-08-05 10:22:05'),(95,45,11,'英國','F','2023-08-06 02:24:28'),(96,45,16,'德國','T','2023-08-08 07:14:39'),(97,45,29,'快步','F','2023-08-08 07:16:10'),(98,45,64,'中國','T','2023-09-02 11:48:50'),(99,45,65,'步伐如竹馬、行進踏幅亦淺短','F','2023-09-02 11:48:59'),(100,45,102,'轉圈圈 ','F','2023-09-02 11:49:03'),(101,45,55,'單一毛質','F','2023-09-02 16:37:59'),(102,45,19,'日本','F','2023-09-03 02:06:27'),(103,45,6,'日本','T','2023-09-03 05:16:15');
/*!40000 ALTER TABLE `answer_records` ENABLE KEYS */;
UNLOCK TABLES;

--
-- Table structure for table `beauty`
--

DROP TABLE IF EXISTS `beauty`;
/*!40101 SET @saved_cs_client     = @@character_set_client */;
/*!50503 SET character_set_client = utf8mb4 */;
CREATE TABLE `beauty` (
  `beauty_id` smallint NOT NULL COMMENT '汪美賽季編號',
  `name` varchar(10) NOT NULL COMMENT 'NN, 狗狗名稱',
  `image` varchar(20) NOT NULL COMMENT 'UQ,狗狗照片路徑',
  `like` smallint NOT NULL DEFAULT '0' COMMENT '點讚數',
  `owner_id` int NOT NULL COMMENT '貢獻者編號',
  `create_time` datetime NOT NULL COMMENT 'NN, 新增時間',
  `update_time` datetime NOT NULL COMMENT 'NN, 修改時間',
  PRIMARY KEY (`beauty_id`,`name`),
  KEY `owner_id_beauty_idx` (`owner_id`),
  CONSTRAINT `owner_id_beauty` FOREIGN KEY (`owner_id`) REFERENCES `user_login` (`Uid`)
) ENGINE=InnoDB DEFAULT CHARSET=utf8mb4 COLLATE=utf8mb4_0900_ai_ci COMMENT='當前賽季';
/*!40101 SET character_set_client = @saved_cs_client */;

--
-- Dumping data for table `beauty`
--

LOCK TABLES `beauty` WRITE;
/*!40000 ALTER TABLE `beauty` DISABLE KEYS */;
INSERT INTO `beauty` VALUES (1,'test','test.png',1,1,'2023-08-07 00:00:00','2023-08-07 00:00:00'),(2,'test','test.png',2,2,'2023-08-08 00:00:00','2023-08-08 00:00:00'),(3,'test','test.png',3,36,'2023-08-09 00:00:00','2023-08-09 00:00:00'),(4,'test','test.png',4,4,'2023-08-10 00:00:00','2023-08-10 00:00:00'),(5,'test','test.png',5,5,'2023-08-11 00:00:00','2023-08-11 00:00:00'),(6,'test','test.png',6,6,'2023-08-12 00:00:00','2023-08-12 00:00:00'),(7,'test','test.png',7,7,'2023-08-13 00:00:00','2023-08-13 00:00:00'),(8,'test','test.png',8,8,'2023-08-14 00:00:00','2023-08-14 00:00:00'),(9,'test','test.png',9,9,'2023-08-15 00:00:00','2023-08-15 00:00:00'),(10,'test','test.png',10,10,'2023-08-16 00:00:00','2023-08-16 00:00:00'),(11,'test','test.png',11,11,'2023-08-17 00:00:00','2023-08-17 00:00:00'),(12,'test','test.png',12,12,'2023-08-18 00:00:00','2023-08-18 00:00:00'),(13,'test','test.png',13,13,'2023-08-19 00:00:00','2023-08-19 00:00:00'),(14,'test','test.png',14,14,'2023-08-20 00:00:00','2023-08-20 00:00:00'),(15,'test','test.png',15,15,'2023-08-21 00:00:00','2023-08-21 00:00:00'),(16,'test','test.png',16,16,'2023-08-22 00:00:00','2023-08-22 00:00:00'),(17,'test','test.png',17,17,'2023-08-23 00:00:00','2023-08-23 00:00:00'),(18,'test','test.png',18,18,'2023-08-24 00:00:00','2023-08-24 00:00:00'),(19,'test','test.png',19,19,'2023-08-25 00:00:00','2023-08-25 00:00:00'),(20,'test','test.png',20,20,'2023-08-26 00:00:00','2023-08-26 00:00:00'),(21,'test','test.png',21,21,'2023-08-27 00:00:00','2023-08-27 00:00:00'),(22,'test','test.png',22,22,'2023-08-28 00:00:00','2023-08-28 00:00:00'),(23,'test','test.png',23,23,'2023-08-29 00:00:00','2023-08-29 00:00:00'),(24,'test','test.png',24,24,'2023-08-30 00:00:00','2023-08-30 00:00:00'),(25,'test','test.png',25,25,'2023-08-31 00:00:00','2023-08-31 00:00:00'),(26,'test','test.png',26,26,'2023-09-01 00:00:00','2023-09-01 00:00:00'),(27,'test','test.png',27,27,'2023-09-02 00:00:00','2023-09-02 00:00:00'),(28,'test','test.png',28,28,'2023-09-03 00:00:00','2023-09-03 00:00:00'),(29,'test','test.png',29,29,'2023-09-04 00:00:00','2023-09-04 00:00:00'),(30,'test','test.png',30,30,'2023-09-05 00:00:00','2023-09-05 00:00:00'),(31,'test','test.png',31,31,'2023-09-06 00:00:00','2023-09-06 00:00:00'),(32,'test','test.png',32,32,'2023-09-07 00:00:00','2023-09-07 00:00:00'),(33,'test','test.png',33,33,'2023-09-08 00:00:00','2023-09-08 00:00:00'),(34,'test','test.png',34,34,'2023-09-09 00:00:00','2023-09-09 00:00:00'),(35,'test','test.png',35,36,'2023-09-10 00:00:00','2023-09-10 00:00:00'),(36,'test','test.png',36,36,'2023-09-11 00:00:00','2023-09-11 00:00:00'),(37,'test','test.png',37,37,'2023-09-12 00:00:00','2023-09-12 00:00:00'),(38,'test','test.png',38,38,'2023-09-13 00:00:00','2023-09-13 00:00:00'),(39,'test','test.png',39,39,'2023-09-14 00:00:00','2023-09-14 00:00:00'),(40,'test','test.png',40,40,'2023-09-15 00:00:00','2023-09-15 00:00:00'),(41,'test','test.png',41,41,'2023-09-16 00:00:00','2023-09-16 00:00:00'),(42,'test','test.png',42,42,'2023-09-17 00:00:00','2023-09-17 00:00:00'),(43,'test','test.png',43,43,'2023-09-18 00:00:00','2023-09-18 00:00:00'),(44,'test','test.png',44,44,'2023-09-19 00:00:00','2023-09-19 00:00:00'),(45,'test','test.png',45,45,'2023-09-20 00:00:00','2023-09-20 00:00:00'),(46,'test','test.png',46,46,'2023-09-21 00:00:00','2023-09-21 00:00:00'),(47,'test','test.png',47,47,'2023-09-22 00:00:00','2023-09-22 00:00:00'),(48,'test','test.png',48,48,'2023-09-23 00:00:00','2023-09-23 00:00:00'),(49,'test','test.png',49,49,'2023-09-24 00:00:00','2023-09-24 00:00:00'),(50,'test','test.png',50,50,'2023-09-25 00:00:00','2023-09-25 00:00:00'),(51,'test','test.png',51,51,'2023-09-26 00:00:00','2023-09-26 00:00:00'),(52,'test','test.png',52,52,'2023-09-27 00:00:00','2023-09-27 00:00:00'),(53,'test','test.png',53,53,'2023-09-28 00:00:00','2023-09-28 00:00:00'),(54,'test','test.png',54,54,'2023-09-29 00:00:00','2023-09-29 00:00:00'),(55,'test','test.png',55,55,'2023-09-30 00:00:00','2023-09-30 00:00:00'),(56,'test','test.png',56,56,'2023-10-01 00:00:00','2023-10-01 00:00:00'),(57,'test','test.png',57,57,'2023-10-02 00:00:00','2023-10-02 00:00:00'),(58,'test','test.png',58,58,'2023-10-03 00:00:00','2023-10-03 00:00:00'),(59,'test','test.png',59,59,'2023-10-04 00:00:00','2023-10-04 00:00:00'),(60,'test','test.png',60,60,'2023-10-05 00:00:00','2023-10-05 00:00:00'),(61,'test','test.png',61,61,'2023-10-06 00:00:00','2023-10-06 00:00:00'),(62,'test','test.png',62,62,'2023-10-07 00:00:00','2023-10-07 00:00:00'),(63,'test','test.png',63,63,'2023-10-08 00:00:00','2023-10-08 00:00:00'),(64,'test','test.png',64,64,'2023-10-09 00:00:00','2023-10-09 00:00:00'),(65,'test','test.png',65,65,'2023-10-10 00:00:00','2023-10-10 00:00:00'),(66,'test','test.png',66,66,'2023-10-11 00:00:00','2023-10-11 00:00:00'),(67,'test','test.png',67,67,'2023-10-12 00:00:00','2023-10-12 00:00:00'),(68,'test','test.png',68,68,'2023-10-13 00:00:00','2023-10-13 00:00:00'),(69,'test','test.png',69,69,'2023-10-14 00:00:00','2023-10-14 00:00:00'),(70,'test','test.png',70,70,'2023-10-15 00:00:00','2023-10-15 00:00:00'),(71,'test','test.png',71,71,'2023-10-16 00:00:00','2023-10-16 00:00:00'),(72,'test','test.png',72,72,'2023-10-17 00:00:00','2023-10-17 00:00:00'),(73,'test','test.png',73,73,'2023-10-18 00:00:00','2023-10-18 00:00:00'),(74,'test','test.png',74,74,'2023-10-19 00:00:00','2023-10-19 00:00:00'),(75,'test','test.png',75,75,'2023-10-20 00:00:00','2023-10-20 00:00:00'),(76,'test','test.png',76,76,'2023-10-21 00:00:00','2023-10-21 00:00:00'),(77,'test','test.png',77,77,'2023-10-22 00:00:00','2023-10-22 00:00:00'),(78,'test','test.png',78,78,'2023-10-23 00:00:00','2023-10-23 00:00:00'),(79,'test','test.png',79,79,'2023-10-24 00:00:00','2023-10-24 00:00:00'),(80,'test','test.png',80,80,'2023-10-25 00:00:00','2023-10-25 00:00:00'),(81,'test','test.png',81,81,'2023-10-26 00:00:00','2023-10-26 00:00:00'),(82,'test','test.png',82,82,'2023-10-27 00:00:00','2023-10-27 00:00:00'),(83,'test','test.png',83,83,'2023-10-28 00:00:00','2023-10-28 00:00:00'),(84,'test','test.png',84,84,'2023-10-29 00:00:00','2023-10-29 00:00:00'),(85,'test','test.png',85,85,'2023-10-30 00:00:00','2023-10-30 00:00:00'),(86,'test','test.png',86,86,'2023-10-31 00:00:00','2023-10-31 00:00:00'),(87,'test','test.png',87,87,'2023-11-01 00:00:00','2023-11-01 00:00:00'),(88,'test','test.png',88,88,'2023-11-02 00:00:00','2023-11-02 00:00:00'),(89,'test','test.png',89,89,'2023-11-03 00:00:00','2023-11-03 00:00:00'),(90,'test','test.png',90,90,'2023-11-04 00:00:00','2023-11-04 00:00:00'),(91,'test','test.png',91,91,'2023-11-05 00:00:00','2023-11-05 00:00:00'),(92,'test','test.png',92,92,'2023-11-06 00:00:00','2023-11-06 00:00:00'),(93,'test','test.png',93,93,'2023-11-07 00:00:00','2023-11-07 00:00:00'),(94,'test','test.png',94,94,'2023-11-08 00:00:00','2023-11-08 00:00:00'),(95,'test','test.png',95,95,'2023-11-09 00:00:00','2023-11-09 00:00:00'),(96,'test','test.png',96,96,'2023-11-10 00:00:00','2023-11-10 00:00:00'),(97,'test','test.png',97,97,'2023-11-11 00:00:00','2023-11-11 00:00:00'),(98,'test','test.png',98,98,'2023-11-12 00:00:00','2023-11-12 00:00:00'),(99,'test','test.png',99,99,'2023-11-13 00:00:00','2023-11-13 00:00:00'),(100,'test','test.png',100,100,'2023-11-14 00:00:00','2023-11-14 00:00:00');
/*!40000 ALTER TABLE `beauty` ENABLE KEYS */;
UNLOCK TABLES;

--
-- Table structure for table `beauty_top_season`
--

DROP TABLE IF EXISTS `beauty_top_season`;
/*!40101 SET @saved_cs_client     = @@character_set_client */;
/*!50503 SET character_set_client = utf8mb4 */;
CREATE TABLE `beauty_top_season` (
  `season_id` smallint NOT NULL COMMENT '汪美賽季編號',
  `top` tinyint NOT NULL COMMENT '排名',
  `name` varchar(10) NOT NULL COMMENT 'NN, 狗狗名稱',
  `image` varchar(20) NOT NULL COMMENT 'UQ,狗狗照片路徑',
  `like` smallint NOT NULL DEFAULT '0' COMMENT '點讚數\n',
  `owner_id` int DEFAULT NULL COMMENT '貢獻者編號',
  `create_time` datetime NOT NULL COMMENT 'NN, 新增時間',
  `update_time` datetime NOT NULL COMMENT 'NN, 修改時間',
  PRIMARY KEY (`season_id`,`top`),
  KEY `owner_id_idx` (`owner_id`),
  CONSTRAINT `owner_id` FOREIGN KEY (`owner_id`) REFERENCES `user_login` (`Uid`)
) ENGINE=InnoDB DEFAULT CHARSET=utf8mb4 COLLATE=utf8mb4_0900_ai_ci COMMENT='歷史賽季';
/*!40101 SET character_set_client = @saved_cs_client */;

--
-- Dumping data for table `beauty_top_season`
--

LOCK TABLES `beauty_top_season` WRITE;
/*!40000 ALTER TABLE `beauty_top_season` DISABLE KEYS */;
INSERT INTO `beauty_top_season` VALUES (0,1,'第一名','s1_top1.png',0,45,'2023-07-23 00:00:00','2023-07-23 00:00:00'),(0,2,'第二名','s1_top2.png',0,45,'2023-07-23 00:00:00','2023-07-23 00:00:00'),(0,3,'第三名','s1_top3.png',0,45,'2023-07-23 00:00:00','2023-07-23 00:00:00');
/*!40000 ALTER TABLE `beauty_top_season` ENABLE KEYS */;
UNLOCK TABLES;

--
-- Temporary view structure for view `book_and_beautytop`
--

DROP TABLE IF EXISTS `book_and_beautytop`;
/*!50001 DROP VIEW IF EXISTS `book_and_beautytop`*/;
SET @saved_cs_client     = @@character_set_client;
/*!50503 SET character_set_client = utf8mb4 */;
/*!50001 CREATE VIEW `book_and_beautytop` AS SELECT 
 1 AS `top`,
 1 AS `name`,
 1 AS `image`*/;
SET character_set_client = @saved_cs_client;

--
-- Table structure for table `books`
--

DROP TABLE IF EXISTS `books`;
/*!40101 SET @saved_cs_client     = @@character_set_client */;
/*!50503 SET character_set_client = utf8mb4 */;
CREATE TABLE `books` (
  `Bid` smallint NOT NULL AUTO_INCREMENT COMMENT 'PK,AUTO_INCREMENT(寶典編號)',
  `name` varchar(10) NOT NULL COMMENT 'NN, 狗狗名稱',
  `image` varchar(20) NOT NULL COMMENT 'UQ,狗狗照片路徑',
  `last_update_id` int DEFAULT NULL COMMENT 'FK(user_login UID)最後編輯者',
  `last_update_time` datetime NOT NULL COMMENT 'NN, 修改時間',
  PRIMARY KEY (`Bid`),
  KEY `user_login_idx` (`last_update_id`),
  CONSTRAINT `user_login` FOREIGN KEY (`last_update_id`) REFERENCES `user_login` (`Uid`)
) ENGINE=InnoDB AUTO_INCREMENT=85 DEFAULT CHARSET=utf8mb4 COLLATE=utf8mb4_0900_ai_ci COMMENT='寶典';
/*!40101 SET character_set_client = @saved_cs_client */;

--
-- Dumping data for table `books`
--

LOCK TABLES `books` WRITE;
/*!40000 ALTER TABLE `books` DISABLE KEYS */;
INSERT INTO `books` VALUES (1,'馬爾濟斯','maltese.png',NULL,'2023-07-07 00:00:00'),(2,'吉娃娃','Chihuahua.png',NULL,'2023-07-07 00:00:00'),(3,'黃金獵犬','golden_retriever.png',NULL,'2023-07-15 00:00:00'),(4,'阿富汗獵犬','Afghan_Hound.png',NULL,'2023-07-15 00:00:00'),(5,'小獵犬','beagle.png',NULL,'2023-07-15 00:00:00'),(6,'邊境牧羊犬','border_collie.png',NULL,'2023-07-15 00:00:00'),(7,'test','test',NULL,'2023-07-15 00:00:00'),(8,'test','test',NULL,'2023-07-15 00:00:00'),(9,'test','test',NULL,'2023-07-15 00:00:00'),(10,'test','test',NULL,'2023-07-15 00:00:00'),(11,'test','test',NULL,'2023-07-15 00:00:00'),(12,'test','test',NULL,'2023-07-15 00:00:00'),(13,'test','test',NULL,'2023-07-15 00:00:00'),(14,'test','test',NULL,'2023-07-15 00:00:00'),(15,'test','test',NULL,'2023-07-15 00:00:00'),(16,'test','test',NULL,'2023-07-15 00:00:00'),(17,'test','test',NULL,'2023-07-15 00:00:00'),(18,'test','test',NULL,'2023-07-15 00:00:00'),(19,'test','test',NULL,'2023-07-15 00:00:00'),(20,'test','test',NULL,'2023-07-15 00:00:00'),(21,'test','test',NULL,'2023-07-15 00:00:00'),(22,'test','test',NULL,'2023-07-15 00:00:00'),(23,'test','test',NULL,'2023-07-15 00:00:00'),(24,'test','test',NULL,'2023-07-15 00:00:00'),(25,'test','test',NULL,'2023-07-15 00:00:00'),(26,'test','test',NULL,'2023-07-15 00:00:00'),(27,'test','test',NULL,'2023-07-15 00:00:00'),(28,'test','test',NULL,'2023-07-15 00:00:00'),(29,'test','test',NULL,'2023-07-15 00:00:00'),(30,'test','test',NULL,'2023-07-15 00:00:00'),(31,'test','test',NULL,'2023-07-15 00:00:00'),(32,'test','test',NULL,'2023-07-15 00:00:00'),(33,'test','test',NULL,'2023-07-15 00:00:00'),(34,'test','test',NULL,'2023-07-15 00:00:00'),(35,'test','test',NULL,'2023-07-15 00:00:00'),(36,'test','test',NULL,'2023-07-15 00:00:00'),(37,'test','test',NULL,'2023-07-15 00:00:00'),(38,'test','test',NULL,'2023-07-15 00:00:00'),(39,'test','test',NULL,'2023-07-15 00:00:00'),(40,'test','test',NULL,'2023-07-15 00:00:00'),(41,'test','test',NULL,'2023-07-15 00:00:00'),(42,'test','test',NULL,'2023-07-15 00:00:00'),(43,'test','test',NULL,'2023-07-15 00:00:00'),(44,'test','test',NULL,'2023-07-15 00:00:00'),(45,'test','test',NULL,'2023-07-15 00:00:00'),(46,'test','test',NULL,'2023-07-15 00:00:00'),(47,'test','test',NULL,'2023-07-15 00:00:00'),(48,'test','test',NULL,'2023-07-15 00:00:00'),(49,'test','test',NULL,'2023-07-15 00:00:00'),(50,'test','test',NULL,'2023-07-15 00:00:00'),(51,'test','test',NULL,'2023-07-15 00:00:00'),(52,'test','test',NULL,'2023-07-15 00:00:00'),(53,'test','test',NULL,'2023-07-15 00:00:00'),(54,'test','test',NULL,'2023-07-15 00:00:00'),(55,'test','test',NULL,'2023-07-15 00:00:00'),(56,'test','test',NULL,'2023-07-15 00:00:00'),(57,'test','test',NULL,'2023-07-15 00:00:00'),(58,'test','test',NULL,'2023-07-15 00:00:00'),(59,'test','test',NULL,'2023-07-15 00:00:00'),(60,'test','test',NULL,'2023-07-15 00:00:00'),(61,'test','test',NULL,'2023-07-15 00:00:00'),(62,'test','test',NULL,'2023-07-15 00:00:00'),(63,'test','test',NULL,'2023-07-15 00:00:00'),(64,'test','test',NULL,'2023-07-15 00:00:00'),(65,'test','test',NULL,'2023-07-15 00:00:00'),(66,'test','test',NULL,'2023-07-15 00:00:00'),(67,'test','test',NULL,'2023-07-15 00:00:00'),(68,'test','test',NULL,'2023-07-15 00:00:00'),(69,'test','test',NULL,'2023-07-15 00:00:00'),(70,'test','test',NULL,'2023-07-15 00:00:00'),(71,'test','test',NULL,'2023-07-15 00:00:00'),(72,'test','test',NULL,'2023-07-15 00:00:00'),(73,'test','test',NULL,'2023-07-15 00:00:00'),(74,'test','test',NULL,'2023-07-15 00:00:00'),(75,'test','test',NULL,'2023-07-15 00:00:00'),(76,'test','test',NULL,'2023-07-15 00:00:00'),(77,'test','test',NULL,'2023-07-15 00:00:00'),(78,'test','test',NULL,'2023-07-15 00:00:00'),(79,'test','test',NULL,'2023-07-15 00:00:00'),(80,'test','test',NULL,'2023-07-15 00:00:00'),(81,'test','test',NULL,'2023-07-15 00:00:00'),(82,'test','test',NULL,'2023-07-15 00:00:00'),(83,'test','test',NULL,'2023-07-15 00:00:00'),(84,'test','test',NULL,'2023-07-15 00:00:00');
/*!40000 ALTER TABLE `books` ENABLE KEYS */;
UNLOCK TABLES;

--
-- Table structure for table `books_desc`
--

DROP TABLE IF EXISTS `books_desc`;
/*!40101 SET @saved_cs_client     = @@character_set_client */;
/*!50503 SET character_set_client = utf8mb4 */;
CREATE TABLE `books_desc` (
  `desc_id` smallint NOT NULL AUTO_INCREMENT COMMENT 'PK,AUTO_INCREMENT(寶典編號)',
  `desc` varchar(500) NOT NULL COMMENT 'NN, 詳細資訊',
  `Bid` smallint NOT NULL COMMENT '寶典編號',
  `create_id` int NOT NULL,
  `update_id` int NOT NULL COMMENT 'FK(user_login UID)最後編輯者',
  `create_time` datetime NOT NULL COMMENT 'NN, 建立時間',
  `update_time` datetime NOT NULL COMMENT 'NN, 修改時間',
  PRIMARY KEY (`desc_id`),
  KEY `books_desc_user_login_idx` (`update_id`),
  KEY `books_desc_books_idx` (`Bid`),
  KEY `books_desc_user_login_1_idx` (`create_id`),
  CONSTRAINT `books_desc_books` FOREIGN KEY (`Bid`) REFERENCES `books` (`Bid`),
  CONSTRAINT `books_desc_user_login` FOREIGN KEY (`update_id`) REFERENCES `user_login` (`Uid`),
  CONSTRAINT `books_desc_user_login_1` FOREIGN KEY (`create_id`) REFERENCES `user_login` (`Uid`)
) ENGINE=InnoDB DEFAULT CHARSET=utf8mb4 COLLATE=utf8mb4_0900_ai_ci;
/*!40101 SET character_set_client = @saved_cs_client */;

--
-- Dumping data for table `books_desc`
--

LOCK TABLES `books_desc` WRITE;
/*!40000 ALTER TABLE `books_desc` DISABLE KEYS */;
/*!40000 ALTER TABLE `books_desc` ENABLE KEYS */;
UNLOCK TABLES;

--
-- Table structure for table `news`
--

DROP TABLE IF EXISTS `news`;
/*!40101 SET @saved_cs_client     = @@character_set_client */;
/*!50503 SET character_set_client = utf8mb4 */;
CREATE TABLE `news` (
  `Nid` int NOT NULL AUTO_INCREMENT COMMENT '討論區編號',
  `Uid` int NOT NULL,
  `title` varchar(10) NOT NULL COMMENT '標題',
  `content` varchar(500) NOT NULL COMMENT '內文\\\\\\\\n',
  `message` varchar(100) DEFAULT NULL COMMENT '留言',
  `like` mediumint DEFAULT NULL COMMENT '按讚數',
  `newsimage` varchar(50) NOT NULL COMMENT '照片路徑',
  `create_time` datetime NOT NULL COMMENT '建立時間',
  PRIMARY KEY (`Nid`),
  UNIQUE KEY `newsimage_UNIQUE` (`newsimage`),
  KEY `news_uid_idx` (`Uid`),
  CONSTRAINT `news_uid` FOREIGN KEY (`Uid`) REFERENCES `user_login` (`Uid`)
) ENGINE=InnoDB AUTO_INCREMENT=7 DEFAULT CHARSET=utf8mb4 COLLATE=utf8mb4_0900_ai_ci;
/*!40101 SET character_set_client = @saved_cs_client */;

--
-- Dumping data for table `news`
--

LOCK TABLES `news` WRITE;
/*!40000 ALTER TABLE `news` DISABLE KEYS */;
INSERT INTO `news` VALUES (1,1,'養狗初體驗','剛帶回家一隻可愛的小狗狗，一切都是那麼新鮮刺激！快來分享你們養狗的經驗和建議吧！','',1,'news_test1.png','2023-08-08 00:00:00'),(2,2,'散步時光','跟狗狗在草原吹著微風好舒服','',2,'news_test2.png','2023-08-08 00:00:00'),(3,45,'test','test',NULL,NULL,'IMG64f415a19410d.jpg','2023-09-03 05:12:01'),(4,45,'hi','good',NULL,NULL,'IMG64f415eba58e5.jpg','2023-09-03 05:13:15'),(6,45,'oh','ya',NULL,NULL,'IMG64f41638b7ce6.jpg','2023-09-03 05:14:32');
/*!40000 ALTER TABLE `news` ENABLE KEYS */;
UNLOCK TABLES;

--
-- Table structure for table `questions`
--

DROP TABLE IF EXISTS `questions`;
/*!40101 SET @saved_cs_client     = @@character_set_client */;
/*!50503 SET character_set_client = utf8mb4 */;
CREATE TABLE `questions` (
  `Qid` int NOT NULL AUTO_INCREMENT COMMENT '題目編號',
  `question` varchar(100) NOT NULL COMMENT '題目',
  `choice1` varchar(50) NOT NULL COMMENT '選項1',
  `choice2` varchar(50) NOT NULL COMMENT '選項2',
  `choice3` varchar(50) NOT NULL COMMENT '選項3',
  `choice4` varchar(50) NOT NULL COMMENT '選項4',
  `ans` varchar(50) NOT NULL COMMENT '答案',
  PRIMARY KEY (`Qid`),
  UNIQUE KEY `question_UNIQUE` (`question`)
) ENGINE=InnoDB AUTO_INCREMENT=115 DEFAULT CHARSET=utf8mb4 COLLATE=utf8mb4_0900_ai_ci COMMENT='題庫';
/*!40101 SET character_set_client = @saved_cs_client */;

--
-- Dumping data for table `questions`
--

LOCK TABLES `questions` WRITE;
/*!40000 ALTER TABLE `questions` DISABLE KEYS */;
INSERT INTO `questions` VALUES (1,'下列那一種犬之體味比較濃厚？','沙皮犬','博美犬','貴賓犬','西施犬','沙皮犬'),(2,'博美犬的原產地為','中國','美國','義大利','德國','德國'),(3,'巴哥犬的原產地為','中國','美國','英國','德國','中國'),(4,'北京狗之原產地為','美國','日本','西臘','中國','中國'),(5,'瑪爾濟斯犬之原產地為','馬爾他群島','庫頁島','冰島','蘇格蘭','馬爾他群島'),(6,'柴犬之原產地為','美國','日本','英國','中國','日本'),(7,'下列何犬被稱為日本之國犬？','狐狸犬','狆','秋田犬','土佐犬','秋田犬'),(8,'狗狗懷孕期約多久？','2個月','4個月','6個月','8個月','2個月'),(9,'拉布拉多犬原產地為','紐西蘭','美國','芬蘭','挪威','芬蘭'),(10,'可卡犬原產地為','英國','美國','日本','中國','英國'),(11,'拳師犬原產地為','英國','德國','加拿大','日本','德國'),(12,'古代牧羊犬之原產地為','英國','德國','加拿大','瑞士','英國'),(13,'聖伯那犬原產地為','英國','德國','加拿大','瑞士','瑞士'),(14,'迷你雪納瑞原產地為','英國','德國','瑞士','美國','德國'),(15,'米格魯(Beagle)獵兔犬原產地為','英國','德國','瑞士','美國','英國'),(16,'臘腸犬原產地為','英國','德國','瑞士','美國','德國'),(17,'沙皮犬之原產地為','美國','澳洲','日本','中國','中國'),(18,'伯恩山犬原產地為','日本','挪威','瑞士','比利時','瑞士'),(19,'阿富汗獵犬原產地為','日本','阿富汗','丹麥','埃及','埃及'),(20,'大麥町犬原產地為','南斯拉夫','匈牙利','法國','愛爾蘭','南斯拉夫'),(21,'紐波利頓犬原產地為','蘇俄','埃及','義大利','西班牙','義大利'),(22,'全世界的犬種中，以何種牙齒咬合狀態最為常見？','下齒過突咬合(Under shot)','剪刀咬合(Scissors bite)','上齒 過突咬合(Over shot)','水平咬合(Level bite)','剪刀咬合(Scissors bite)'),(23,'中國古代將犬類的功能分為三種：食用、看門及','導盲','狩獵','牧羊','伴侶','狩獵'),(24,'德國狼犬是屬於','玩賞犬','獸獵犬','工作犬','水獵犬','工作犬'),(25,'犬隻各類耳型中，以何種耳型異味最重','鈕扣耳','垂耳','半立耳','豎耳','垂耳'),(26,'博美犬的毛質是屬於','雙重毛','單一毛','剛毛','平滑毛','雙重毛'),(27,'狼犬的飛節角度與其他犬種相比，狼犬較','深','淺','普通','毫無差異。','深'),(28,'下列那種犬是屬於飛節角度很淺的狗','北京犬','博美犬','鬆獅犬','秋田犬','鬆獅犬'),(29,'北京犬行進時之步態是屬於','快步','慢步','滾步','速步','滾步'),(30,'犬的狼爪(後肢餘趾)不可切除之犬種為','聖伯納犬','大白熊犬','大麥町犬','吉娃娃犬','大白熊犬'),(31,'下列那種犬之被毛屬於硬質剛毛','雪納瑞犬','博美犬','可卡犬','喜樂蒂犬','雪納瑞犬'),(32,'貴賓犬行進之步態屬於','快步','慢步','滾步','交叉步','快步'),(33,'西施犬行進之步態屬於','快步','慢步','滾步','交叉步','滾步'),(34,'世界上常見的犬種中，以那種胸型最為普遍？','桶狀胸型','扁平胸型','波霸胸型','船底胸型','船底胸型'),(35,'下列那一種犬種屬於桶狀胸型？','鬥牛犬','狼犬','埃及跑犬(灰狗)','大麥町犬','鬥牛犬'),(36,'下列那一種犬種屬於船底胸型？','鬥牛犬','狼犬','埃及跑犬(灰狗)','巴哥犬','狼犬'),(37,'下列那一種犬種屬於扁平胸型？','鬥牛犬','狼犬','埃及跑犬(灰狗)','聖伯納犬','埃及跑犬(灰狗)'),(38,'犬隻身高的量法是由何處至地面之垂直距離？','頭頂','頸部','肩胛頂','腰部','肩胛頂'),(39,'犬隻的身長量法是由：','胸骨尖至坐骨端','胸骨尖至尾根','肩胛至尾根','肩胛至坐骨端','胸骨尖至坐骨端'),(40,'狆犬足端長有甚多被毛，稱為','足毛','爪毛','筆毛','蹠毛','筆毛'),(41,'犬隻線狀集合毛流最明顯分佈的部位是','頰部','頸部','胸部','尾部','頸部'),(42,'長毛貓中較具攻擊性的貓種為','喜馬拉雅','白波斯','金吉拉','折耳貓','金吉拉'),(43,'貴賓犬的體型中，標準型體高應達多少英吋以上？','8 英吋','11 英吋','13 英吋','15 英吋','15 英吋'),(44,'博美犬尾型何者為正確的？','與背部平行','成90°豎立於背部','於臀部向右或向右下垂','反豎地平伸於背部','反豎地平伸於背部'),(45,'與狐狸頭部很類似的小型犬是','約克夏犬','博美犬','比熊犬','柯基犬','博美犬'),(46,'處於寒帶的犬種被毛特徵以下何者為非？','雙重毛質','下毛濃密','尾毛長且量豐','單一毛質','單一毛質'),(47,'比熊犬的原產地是','法國','英國','美國','西班牙','法國'),(48,'比熊犬的犬展修剪造型，身軀的毛長度應留','0.5 英吋','1 英吋','2 英吋','3 英吋','2 英吋'),(49,'以下瑪爾濟斯犬特點中何者為非？','有底毛(Under coat)','毛色純白','單一毛質','毛質呈絲狀','有底毛(Under coat)'),(50,'鼻樑長度 1 英吋的犬種最典型的是','雪納瑞','西施犬','可卡犬','鬆獅犬','可卡犬'),(51,'背部鋼藍色(Steel blue)頭部黃褐色(Tan)被毛是','貴賓犬','吉娃娃犬','約克夏犬','蝴蝶犬','約克夏犬'),(52,'約克夏犬牙齒的咬合何者是正確的？','水平咬合(Level bite)','上齒過突咬合(Over shot)','下齒過突咬合(Under shot)','剪刀咬合(Scissors bite)','剪刀咬合(Scissors bite)'),(53,'北京犬的牙齒咬合何者正確？','下齒過突咬合(Under shot)','上齒過突咬合(Over shot)','剪刀咬合(Scissors bite)','水平咬合(Level bite)','下齒過突咬合(Under shot)'),(54,'何者為錯誤的北京犬特徵？','大頭','大眼','扁臉','淺胸','淺胸'),(55,'北京犬有濃密的底毛(Under coat)，因此被毛是屬於','單一毛質','絲狀毛質','雙重毛質','剛性毛質','雙重毛質'),(56,'雪納瑞犬各種體型中何者未列入國際標準？','茶杯型(Tea Cup)','標準型(Standard)','迷你型(Miniature)','巨型(Giant)','茶杯型(Tea Cup)'),(57,'玩具型貴賓犬(Toy Poodle)指身高為','12 英吋','13 英吋','10 英吋','11 英吋 以下','10 英吋'),(58,'貴賓犬尾型豎立的角度，以時鐘表現應呈','12 點～1 點','1 點～3 點','11 點～10 點','10 點～9 點','12 點～1 點'),(59,'貴賓犬犬展修剪造型何者不被允許？','幼犬型','英國鞍型','泰迪型','歐洲大陸型','泰迪型'),(60,'蝴蝶犬是玩具犬種群(Toy breeds)，其身高最適當的是','30～30.5','20～28','18～20','16～18 ㎝','20～28'),(61,'蝴蝶犬的最大特徵在於','被毛','毛色','體型','耳朵','耳朵'),(62,'蝴蝶犬的被毛是屬於？','絲狀毛','索狀毛','剛狀毛','棉狀毛','絲狀毛'),(63,'拉薩犬的原產地為','印度','尼泊爾','不丹','西藏','西藏'),(64,'鬆獅犬的原產地為','中國','尼泊爾','不丹','印度','中國'),(65,'以下何項非鬆獅犬的特徵？','表情憂鬱','舌黑或藍','步伐如竹馬、行進踏幅亦淺短','後軀角度(Angulations)深 踏幅亦寬','後軀角度(Angulations)深 踏幅亦寬'),(66,'鬆獅犬體軀身長及身高的比率是？','10：12','10：14','10：9','10：10','10：10'),(67,'鬆獅犬有濃密的底毛(Under coat)因此被毛是屬於','單一毛質','絲狀毛質','雙重毛質','剛性毛質','雙重毛質'),(68,'下列何種犬隻因遺傳秉性問題，對寵物美容師於操作時易造成傷害需特別留意？','鬆獅犬','瑪爾濟斯犬','貴賓犬','大白熊犬','鬆獅犬'),(69,'狆犬(Chin Japanese spaniel)的原產地是','日本','中國','韓國','印度','日本'),(70,'狆犬(Chin Japanese spaniel)體軀身長及身高的比率是','10：12','10：14','10：9','10：10','10：10'),(71,'狆犬(Chin Japanese spaniel)的毛色何者可接受？','全黑','全白','全紅','黑白或紅白','黑白或紅白'),(72,'後肢具兩枚狼爪(左右各二)的犬種是','大白熊犬','西藏獒犬','法國鬥牛犬','英國馬士提夫犬','大白熊犬'),(73,'大白熊犬的原產地位於法國和西班牙交界的','高加索山','本寧山','庇里牛斯山(Pyrenees)','烏拉山','庇里牛斯山(Pyrenees)'),(74,'大白熊犬秉性屬於哪一種犬種','兇悍','溫馴','爆烈','攻擊','溫馴'),(75,'大白熊犬的被毛屬於哪一種質地','單一毛質','絲狀毛質','雙重毛質','剛性毛質','雙重毛質'),(76,'古代英國牧羊犬秉性屬於哪一種犬種','兇悍','固執','爆烈','攻擊','固執'),(77,'古代英國牧羊犬犬展修剪造型美容要點是','頂毛適度修短','眼眉下雜毛可修剪','頂毛不能剪，只露鼻、口','四肢被毛修短','頂毛不能剪，只露鼻、口'),(78,'貝林登犬是屬於鐵利亞的犬種但毛質是歸列於','長毛','短毛','軟毛','剛毛','軟毛'),(79,'頭蓋窄外型圓滑似雞蛋幾乎無止部(Stop)的犬種最典型的是','比熊犬','拉薩犬','狆犬','貝林登犬','貝林登犬'),(80,'貝林登犬背部需呈','水平背','鲤背','凹背','菱狀背','鲤背'),(81,'吉娃娃犬的被毛不屬於下列何種','雙重毛','剛毛','短毛','長毛','長毛'),(82,'吉娃娃犬(Chihuahua)的頭蓋骨呈','洋梨型','檸檬型','水蜜桃型','蘋果型','蘋果型'),(83,'犬種標準書認可的犬種體型最小的是','蝴蝶犬','吉娃娃','博美犬','約克夏犬','吉娃娃'),(84,'成長後頭蓋骨常癒合不全的犬種，以下何者最常見？','蝴蝶犬','吉娃娃犬','西施犬','約克夏犬','吉娃娃犬'),(85,'臘腸犬的毛質多樣以下何者是不存在的？','剛毛','短毛','絲狀毛','長毛','絲狀毛'),(86,'短腿長身的臘腸犬最適比率是','10：20','10：15','10：12','10：10','10：20'),(87,'西高地白 犬是屬於鐵利亞的犬種毛質是屬於','長毛','短毛','軟毛','剛毛','剛毛'),(88,'可利牧羊犬(Collie)的毛質以下何者是不存在的','剛毛','短毛','長毛','軟毛','剛毛'),(89,'蘇格蘭犬是屬於鐵利亞的犬種毛質是屬於','長毛','短毛','軟毛','剛毛','剛毛'),(90,'貴賓犬各種體型中何者未列入國際標準？','茶杯型(Tea Cup)','標準型(Standard)','迷你型(Miniature)','玩具型(Toy)','茶杯型(Tea Cup)'),(91,'下列何者為依法公告禁止飼養之動物？','蘇格蘭摺耳貓','西藏獒犬','美洲巨水鼠','喜馬拉雅兔','美洲巨水鼠'),(92,'下列何者為依法公告具攻擊性的犬隻品種？','紐波利頓犬','西藏獒犬','高加索犬','德國狼犬','紐波利頓犬'),(93,'以下何者非寵物美容人員在運送寵物時應注意事項？','食物飲水','動物排泄','環境安全','使其遭受驚嚇','使其遭受驚嚇'),(94,'寵物美容人員如遇送來美容犬隻有受傷或罹病時，應請飼主','帶給獸醫師醫療','自己治療','放著不管','再觀察看看','帶給獸醫師醫療'),(95,'對待動物不得有下列何種行為？','提供適當食物飲水','充足活動空間','法定動物傳染病防治','賭博性質的動物競技','賭博性質的動物競技'),(96,'母狗的懷孕期為幾天?','15~25天','30~40天','56~70天','80~95天','56~70天'),(97,'狗狗出生幾週後開始注射疫苗？','1~3週','3~5週','6~8週','10~12週','6~8週'),(98,'哪一種食物是可以給狗狗吃？','葡萄','蘋果','牛奶','洋蔥','蘋果'),(99,'狗狗的前後腳趾各有幾個？','前面4個，後面3個','前面5個，後面4個','前面3個，後面4個','前面4個，後面5個','前面5個，後面4個'),(100,'當狗狗堅挺站立，目光緊盯，尾巴和和耳朵保持直立的狀態時，是想表達什麼意思呢？','打招呼','恐懼','我不歡迎你','想吃東西','我不歡迎你'),(101,'下列哪個不是狗狗的特殊習性?','當團體領袖','領域觀念','刨土挖洞','喜歡追逐獵物','當團體領袖'),(102,'下列何者不是老狗常見的失智行為？','亂吠叫 ','轉圈圈 ','拉肚子','睡覺習慣改變','拉肚子'),(103,'犬隻罹患心絲蟲問題後導致出現呼吸上的問題，在後續照顧上，下列 何者作法較恰當？','過度地運動','牽繩散步','大太陽時散步','放任不管','牽繩散步'),(104,'想領養狗狗須年滿幾歲才有資格？','20歲','18歲','22歲','17歲','20歲'),(105,'狗狗在食物選擇上仰賴的感官為何？','味覺','視覺','嗅覺','聽覺','嗅覺'),(106,'你知道成年狗的體溫嗎?','37.5-38.5','40~42','27~30','31~33','37.5-38.5'),(107,'成年狗有多少顆牙齒?','42顆','35顆','50顆','40顆','42顆'),(108,'狗的平均壽命是多少年?','12年','15年','20年','10年','12年'),(109,'根據美國養犬俱樂部的說法，美國最受歡迎的犬種是什麼？','拉布拉多獵犬','西藏獒犬','西伯利亞雪橇犬','黃金獵犬','拉布拉多獵犬'),(110,'家養犬種大概有多少種？ 200、450、800 還是 1000？','大約450種','大約200種','大約800種','大約1000種','大約450種'),(111,'哪種狗跑得最快？','蝴蝶犬','拉布拉多獵犬','格雷伊獵犬','黃金獵犬','格雷伊獵犬'),(112,'哪種狗以黑舌頭而聞名？','吉娃娃犬','西施犬','格雷伊獵犬','鬆獅犬','鬆獅犬'),(113,'阿爾薩斯犬的另一個名字是什麼？','鬆獅犬','德國牧羊犬','吉娃娃犬','西施犬','德國牧羊犬');
/*!40000 ALTER TABLE `questions` ENABLE KEYS */;
UNLOCK TABLES;

--
-- Temporary view structure for view `ranks`
--

DROP TABLE IF EXISTS `ranks`;
/*!50001 DROP VIEW IF EXISTS `ranks`*/;
SET @saved_cs_client     = @@character_set_client;
/*!50503 SET character_set_client = utf8mb4 */;
/*!50001 CREATE VIEW `ranks` AS SELECT 
 1 AS `division`,
 1 AS `nickname`,
 1 AS `points`*/;
SET character_set_client = @saved_cs_client;

--
-- Table structure for table `user_login`
--

DROP TABLE IF EXISTS `user_login`;
/*!40101 SET @saved_cs_client     = @@character_set_client */;
/*!50503 SET character_set_client = utf8mb4 */;
CREATE TABLE `user_login` (
  `Uid` int NOT NULL AUTO_INCREMENT COMMENT '使用者編號',
  `gmail` char(40) NOT NULL COMMENT '電子信箱',
  `isStop` char(1) NOT NULL COMMENT '帳號是否停用,Y/N',
  `create_time` datetime NOT NULL COMMENT '建立時間',
  PRIMARY KEY (`Uid`),
  UNIQUE KEY `email_UNIQUE` (`gmail`)
) ENGINE=InnoDB AUTO_INCREMENT=725 DEFAULT CHARSET=utf8mb4 COLLATE=utf8mb4_0900_ai_ci COMMENT='使用者基本資料';
/*!40101 SET character_set_client = @saved_cs_client */;

--
-- Dumping data for table `user_login`
--

LOCK TABLES `user_login` WRITE;
/*!40000 ALTER TABLE `user_login` DISABLE KEYS */;
INSERT INTO `user_login` VALUES (1,'10856001@ntub.edu.tw','N','2023-07-16 00:00:00'),(2,'10856002@ntub.edu.tw','N','2023-07-17 00:00:00'),(4,'10856004@ntub.edu.tw','N','2023-07-19 00:00:00'),(5,'10856005@ntub.edu.tw','N','2023-07-20 00:00:00'),(6,'10856006@ntub.edu.tw','N','2023-07-21 00:00:00'),(7,'10856007@ntub.edu.tw','N','2023-07-22 00:00:00'),(8,'10856008@ntub.edu.tw','N','2023-07-23 00:00:00'),(9,'10856009@ntub.edu.tw','N','2023-07-24 00:00:00'),(10,'10856010@ntub.edu.tw','N','2023-07-25 00:00:00'),(11,'10856011@ntub.edu.tw','N','2023-07-26 00:00:00'),(12,'10856012@ntub.edu.tw','N','2023-07-27 00:00:00'),(13,'10856013@ntub.edu.tw','N','2023-07-28 00:00:00'),(14,'10856014@ntub.edu.tw','N','2023-07-29 00:00:00'),(15,'10856015@ntub.edu.tw','N','2023-07-30 00:00:00'),(16,'10856016@ntub.edu.tw','N','2023-07-31 00:00:00'),(17,'10856017@ntub.edu.tw','N','2023-08-01 00:00:00'),(18,'10856018@ntub.edu.tw','N','2023-08-02 00:00:00'),(19,'10856019@ntub.edu.tw','N','2023-08-03 00:00:00'),(20,'10856020@ntub.edu.tw','N','2023-08-04 00:00:00'),(21,'10856021@ntub.edu.tw','N','2023-08-05 00:00:00'),(22,'10856022@ntub.edu.tw','N','2023-08-06 00:00:00'),(23,'10856023@ntub.edu.tw','N','2023-08-07 00:00:00'),(24,'10856024@ntub.edu.tw','N','2023-08-08 00:00:00'),(25,'10856025@ntub.edu.tw','N','2023-08-09 00:00:00'),(26,'10856026@ntub.edu.tw','N','2023-08-10 00:00:00'),(27,'10856027@ntub.edu.tw','N','2023-08-11 00:00:00'),(28,'10856028@ntub.edu.tw','N','2023-08-12 00:00:00'),(29,'10856029@ntub.edu.tw','N','2023-08-13 00:00:00'),(30,'10856030@ntub.edu.tw','N','2023-08-14 00:00:00'),(31,'10856031@ntub.edu.tw','N','2023-08-15 00:00:00'),(32,'10856032@ntub.edu.tw','N','2023-08-16 00:00:00'),(33,'10856033@ntub.edu.tw','N','2023-08-17 00:00:00'),(34,'10856034@ntub.edu.tw','N','2023-08-18 00:00:00'),(36,'10856036@ntub.edu.tw','N','2023-08-20 00:00:00'),(37,'10856037@ntub.edu.tw','N','2023-08-21 00:00:00'),(38,'10856038@ntub.edu.tw','N','2023-08-22 00:00:00'),(39,'10856039@ntub.edu.tw','N','2023-08-23 00:00:00'),(40,'10856040@ntub.edu.tw','N','2023-08-24 00:00:00'),(41,'10856041@ntub.edu.tw','N','2023-08-25 00:00:00'),(42,'10856035@ntub.edu.tw','N','2023-05-26 10:06:16'),(43,'10856043@ntub.edu.tw','N','2023-08-27 00:00:00'),(44,'1','N','2023-05-26 11:59:13'),(45,'10856042@ntub.edu.tw','N','2023-05-28 07:35:20'),(46,'10856046@ntub.edu.tw','N','2023-08-30 00:00:00'),(47,'10856047@ntub.edu.tw','N','2023-08-31 00:00:00'),(48,'10856048@ntub.edu.tw','N','2023-09-01 00:00:00'),(49,'10856049@ntub.edu.tw','N','2023-09-02 00:00:00'),(50,'10856050@ntub.edu.tw','N','2023-09-03 00:00:00'),(51,'10856051@ntub.edu.tw','N','2023-09-04 00:00:00'),(52,'10856052@ntub.edu.tw','N','2023-09-05 00:00:00'),(53,'10856053@ntub.edu.tw','N','2023-09-06 00:00:00'),(54,'10856054@ntub.edu.tw','N','2023-09-07 00:00:00'),(55,'10856055@ntub.edu.tw','N','2023-09-08 00:00:00'),(56,'10856056@ntub.edu.tw','N','2023-09-09 00:00:00'),(57,'10856057@ntub.edu.tw','N','2023-09-10 00:00:00'),(58,'10856058@ntub.edu.tw','N','2023-09-11 00:00:00'),(59,'10856059@ntub.edu.tw','N','2023-09-12 00:00:00'),(60,'10856060@ntub.edu.tw','N','2023-09-13 00:00:00'),(61,'10856061@ntub.edu.tw','N','2023-09-14 00:00:00'),(62,'10856062@ntub.edu.tw','N','2023-09-15 00:00:00'),(63,'10856063@ntub.edu.tw','N','2023-09-16 00:00:00'),(64,'10856064@ntub.edu.tw','N','2023-09-17 00:00:00'),(65,'10856065@ntub.edu.tw','N','2023-09-18 00:00:00'),(66,'10856066@ntub.edu.tw','N','2023-09-19 00:00:00'),(67,'10856067@ntub.edu.tw','N','2023-09-20 00:00:00'),(68,'10856068@ntub.edu.tw','N','2023-09-21 00:00:00'),(69,'10856069@ntub.edu.tw','N','2023-09-22 00:00:00'),(70,'10856003@ntub.edu.tw','N','2023-05-29 11:40:03'),(71,'10856071@ntub.edu.tw','N','2023-09-24 00:00:00'),(72,'10856072@ntub.edu.tw','N','2023-09-25 00:00:00'),(73,'10856073@ntub.edu.tw','N','2023-09-26 00:00:00'),(74,'10856074@ntub.edu.tw','N','2023-09-27 00:00:00'),(75,'10856075@ntub.edu.tw','N','2023-09-28 00:00:00'),(76,'10856076@ntub.edu.tw','N','2023-09-29 00:00:00'),(77,'10856077@ntub.edu.tw','N','2023-09-30 00:00:00'),(78,'10856078@ntub.edu.tw','N','2023-10-01 00:00:00'),(79,'10856079@ntub.edu.tw','N','2023-10-02 00:00:00'),(80,'10856080@ntub.edu.tw','N','2023-10-03 00:00:00'),(81,'10856081@ntub.edu.tw','N','2023-10-04 00:00:00'),(82,'10856082@ntub.edu.tw','N','2023-10-05 00:00:00'),(83,'10856083@ntub.edu.tw','N','2023-10-06 00:00:00'),(84,'10856084@ntub.edu.tw','N','2023-10-07 00:00:00'),(85,'10856085@ntub.edu.tw','N','2023-10-08 00:00:00'),(86,'10856086@ntub.edu.tw','N','2023-10-09 00:00:00'),(87,'10856087@ntub.edu.tw','N','2023-10-10 00:00:00'),(88,'10856088@ntub.edu.tw','N','2023-10-11 00:00:00'),(89,'10856089@ntub.edu.tw','N','2023-10-12 00:00:00'),(90,'10856090@ntub.edu.tw','N','2023-10-13 00:00:00'),(91,'10856091@ntub.edu.tw','N','2023-10-14 00:00:00'),(92,'10856092@ntub.edu.tw','N','2023-10-15 00:00:00'),(93,'10856093@ntub.edu.tw','N','2023-10-16 00:00:00'),(94,'10856094@ntub.edu.tw','N','2023-10-17 00:00:00'),(95,'10856095@ntub.edu.tw','N','2023-10-18 00:00:00'),(96,'10856096@ntub.edu.tw','N','2023-10-19 00:00:00'),(97,'10856097@ntub.edu.tw','N','2023-10-20 00:00:00'),(98,'10856098@ntub.edu.tw','N','2023-10-21 00:00:00'),(99,'10856099@ntub.edu.tw','N','2023-10-22 00:00:00'),(100,'10856100@ntub.edu.tw','N','2023-10-23 00:00:00'),(101,'10856101@ntub.edu.tw','N','2023-10-24 00:00:00'),(102,'10856102@ntub.edu.tw','N','2023-10-25 00:00:00');
/*!40000 ALTER TABLE `user_login` ENABLE KEYS */;
UNLOCK TABLES;

--
-- Table structure for table `user_profile`
--

DROP TABLE IF EXISTS `user_profile`;
/*!40101 SET @saved_cs_client     = @@character_set_client */;
/*!50503 SET character_set_client = utf8mb4 */;
CREATE TABLE `user_profile` (
  `Uid` int NOT NULL COMMENT '使用者編號',
  `nickname` varchar(10) NOT NULL COMMENT '暱稱',
  `points` mediumint NOT NULL COMMENT '積分',
  `userimage` varchar(50) NOT NULL COMMENT '狗狗照片路徑',
  `update_time` datetime NOT NULL COMMENT '修改時間',
  PRIMARY KEY (`Uid`),
  KEY `user_login UID_idx` (`Uid`) /*!80000 INVISIBLE */,
  CONSTRAINT `user_UID` FOREIGN KEY (`Uid`) REFERENCES `user_login` (`Uid`)
) ENGINE=InnoDB DEFAULT CHARSET=utf8mb4 COLLATE=utf8mb4_0900_ai_ci COMMENT='使用者基本資料';
/*!40101 SET character_set_client = @saved_cs_client */;

--
-- Dumping data for table `user_profile`
--

LOCK TABLES `user_profile` WRITE;
/*!40000 ALTER TABLE `user_profile` DISABLE KEYS */;
INSERT INTO `user_profile` VALUES (1,'惡魔天使',176,'default','2023-07-16 00:00:00'),(2,'丹尼瑪澤',200,'default','2023-07-17 00:00:00'),(4,'夜鷹',25,'default','2023-07-19 00:00:00'),(5,'萊拉米勒',124,'default','2023-07-20 00:00:00'),(6,'天體',45,'default','2023-07-21 00:00:00'),(7,'幻影記者',121,'default','2023-07-22 00:00:00'),(8,'月龍',141,'default','2023-07-23 00:00:00'),(9,'MK14',139,'default','2023-07-24 00:00:00'),(10,'P14C',36,'default','2023-07-25 00:00:00'),(11,'M249',38,'default','2023-07-26 00:00:00'),(12,'G36C',135,'default','2023-07-27 00:00:00'),(13,'三和',162,'default','2023-07-28 00:00:00'),(14,'蚯蚓_吉姆',75,'default','2023-07-29 00:00:00'),(15,'勞拉克羅夫特',131,'default','2023-07-30 00:00:00'),(16,'吃豆人',153,'default','2023-07-31 00:00:00'),(17,'埃齊奧',135,'default','2023-08-01 00:00:00'),(18,'馬庫斯_菲尼克斯',168,'default','2023-08-02 00:00:00'),(19,'寶_兄弟',5,'default','2023-08-03 00:00:00'),(20,'史詩',56,'default','2023-08-04 00:00:00'),(21,'煙霧',30,'default','2023-08-05 00:00:00'),(22,'鯊魚',32,'default','2023-08-06 00:00:00'),(23,'沙沙',100,'default','2023-08-07 00:00:00'),(24,'努賓斯·古迪',121,'default','2023-08-08 00:00:00'),(25,'辛納特拉',73,'default','2023-08-09 00:00:00'),(26,'監護人',137,'default','2023-08-10 00:00:00'),(27,'奇塔里',93,'default','2023-08-11 00:00:00'),(28,'毒刺',11,'default','2023-08-12 00:00:00'),(29,'擁抱',175,'default','2023-08-13 00:00:00'),(30,'誘餌',117,'default','2023-08-14 00:00:00'),(31,'藍精靈',2,'default','2023-08-15 00:00:00'),(32,'PK',28,'default','2023-08-16 00:00:00'),(33,'哈巴狗',8,'default','2023-08-17 00:00:00'),(34,'WTH',142,'default','2023-08-18 00:00:00'),(36,'國標',116,'default','2023-08-20 00:00:00'),(37,'帥哥傑克',64,'default','2023-08-21 00:00:00'),(38,'法格斯',161,'default','2023-08-22 00:00:00'),(39,'關聯',153,'default','2023-08-23 00:00:00'),(40,'班卓琴',187,'default','2023-08-24 00:00:00'),(41,'斯拉昆10',169,'default','2023-08-25 00:00:00'),(42,'yy',20,'default','2023-05-26 10:06:16'),(43,'xQcOW',182,'default','2023-08-27 00:00:00'),(44,'玩家44',10,'default','2023-05-26 11:59:13'),(45,'我好棒12',10,'default','2023-05-28 07:35:20'),(46,'伊姆克里斯蒂尼尼  ',14,'default','2023-08-30 00:00:00'),(47,'科斯庫',139,'default','2023-08-31 00:00:00'),(48,'康',159,'default','2023-09-01 00:00:00'),(49,'劉艾迪',184,'default','2023-09-02 00:00:00'),(50,'永生',157,'default','2023-09-03 00:00:00'),(51,'祖拉斯',52,'default','2023-09-04 00:00:00'),(52,'黑烏鴉',67,'default','2023-09-05 00:00:00'),(53,'殺手鮑勃',137,'default','2023-09-06 00:00:00'),(54,'公主',58,'default','2023-09-07 00:00:00'),(55,'心理窺視',150,'default','2023-09-08 00:00:00'),(56,'波里莫尼',72,'default','2023-09-09 00:00:00'),(57,'孤兒',40,'default','2023-09-10 00:00:00'),(58,'天天小公主',108,'default','2023-09-11 00:00:00'),(59,'鼎盛時期',52,'default','2023-09-12 00:00:00'),(60,'狙擊槍',76,'default','2023-09-13 00:00:00'),(61,'是凌碩吖',199,'default','2023-09-14 00:00:00'),(62,'一隻涵滌呀',147,'default','2023-09-15 00:00:00'),(63,'黯然清波',180,'default','2023-09-16 00:00:00'),(64,'綿掌辛未',161,'default','2023-09-17 00:00:00'),(65,'若松mm',51,'default','2023-09-18 00:00:00'),(66,'暴風衛鎮',9,'default','2023-09-19 00:00:00'),(67,'雨巷少年濟樂',113,'default','2023-09-20 00:00:00'),(68,'一條小晨菲',64,'default','2023-09-21 00:00:00'),(69,'努力啊大志紅',87,'default','2023-09-22 00:00:00'),(70,'玩家70',0,'default','2023-05-29 11:40:03'),(71,'藤原鑫鵬',92,'default','2023-09-24 00:00:00'),(72,'坂田季萌',53,'default','2023-09-25 00:00:00'),(73,'上章大叔',56,'default','2023-09-26 00:00:00'),(74,'幼旋mm',121,'default','2023-09-27 00:00:00'),(75,'一條小陽嘉',153,'default','2023-09-28 00:00:00'),(76,'星宇少爺',16,'default','2023-09-29 00:00:00'),(77,'一隻東帥呀',93,'default','2023-09-30 00:00:00'),(78,'蒼風樂家',112,'default','2023-10-01 00:00:00'),(79,'鑑恆大叔',133,'default','2023-10-02 00:00:00'),(80,'昊偉君',134,'default','2023-10-03 00:00:00'),(81,'一南可愛嗎',30,'default','2023-10-04 00:00:00'),(82,'電光雷霆',26,'default','2023-10-05 00:00:00'),(83,'影子刀刃',36,'default','2023-10-06 00:00:00'),(84,'冰霜之怒',84,'default','2023-10-07 00:00:00'),(85,'烈焰狼',79,'default','2023-10-08 00:00:00'),(86,'暗夜使者',188,'default','2023-10-09 00:00:00'),(87,'鐵鷹',79,'default','2023-10-10 00:00:00'),(88,'暴風騎士',43,'default','2023-10-11 00:00:00'),(89,'毒蛇尖刺',99,'default','2023-10-12 00:00:00'),(90,'藍寶石龍',109,'default','2023-10-13 00:00:00'),(91,'霜寒之心',148,'default','2023-10-14 00:00:00'),(92,'紫羽天使',150,'default','2023-10-15 00:00:00'),(93,'狂暴戰鬥機',99,'default','2023-10-16 00:00:00'),(94,'烈焰戰神',118,'default','2023-10-17 00:00:00'),(95,'碎冰之王',137,'default','2023-10-18 00:00:00'),(96,'努力啊大博文',10,'default','2023-10-19 00:00:00'),(97,'星熊君之',69,'default','2023-10-20 00:00:00'),(98,'晨輝少爺',56,'default','2023-10-21 00:00:00'),(99,'詩詩mio',189,'default','2023-10-22 00:00:00'),(100,'是你的迎臣呀',185,'default','2023-10-23 00:00:00'),(101,'宏博氏',18,'default','2023-10-24 00:00:00'),(102,'金剛鵬翼',182,'default','2023-10-25 00:00:00');
/*!40000 ALTER TABLE `user_profile` ENABLE KEYS */;
UNLOCK TABLES;

--
-- Table structure for table `user_profile_for_trigger`
--

DROP TABLE IF EXISTS `user_profile_for_trigger`;
/*!40101 SET @saved_cs_client     = @@character_set_client */;
/*!50503 SET character_set_client = utf8mb4 */;
CREATE TABLE `user_profile_for_trigger` (
  `trigger_date` datetime NOT NULL COMMENT '觸發日期',
  `trigger_type` varchar(2) NOT NULL COMMENT '觸發型態',
  `Uid` int NOT NULL COMMENT '使用者編號',
  `nickname` varchar(10) NOT NULL COMMENT '暱稱',
  `points` mediumint NOT NULL COMMENT '積分',
  `userimage` varchar(50) NOT NULL COMMENT '狗狗照片路徑',
  `update_time` datetime NOT NULL COMMENT '修改時間',
  `Tid` int NOT NULL AUTO_INCREMENT COMMENT '流水號',
  PRIMARY KEY (`Tid`)
) ENGINE=InnoDB AUTO_INCREMENT=639 DEFAULT CHARSET=utf8mb4 COLLATE=utf8mb4_0900_ai_ci COMMENT='sym from user_profile';
/*!40101 SET character_set_client = @saved_cs_client */;

--
-- Dumping data for table `user_profile_for_trigger`
--

LOCK TABLES `user_profile_for_trigger` WRITE;
/*!40000 ALTER TABLE `user_profile_for_trigger` DISABLE KEYS */;
INSERT INTO `user_profile_for_trigger` VALUES ('2023-06-01 05:37:17','I',66,'玩家66',0,'default','2023-05-29 11:40:03',1),('2023-06-01 05:33:54','UO',70,'玩家70',0,'default','2023-05-29 11:40:03',2),('2023-06-01 05:33:54','UN',70,'玩家71',0,'default','2023-05-29 11:40:03',3),('2023-06-01 05:43:17','D',66,'玩家66',0,'default','2023-05-29 11:40:03',4),('2023-06-01 05:45:25','UN',70,'玩家70',0,'default','2023-05-29 11:40:03',5),('2023-06-01 05:45:25','UO',70,'玩家71',0,'default','2023-05-29 11:40:03',6),('2023-06-01 16:38:09','UN',42,'玩家42',100,'default','2023-05-26 10:06:16',7),('2023-06-01 16:38:09','UO',42,'玩家42',0,'default','2023-05-26 10:06:16',8),('2023-06-28 10:01:26','UN',42,'玩家42',120,'default','2023-05-26 10:06:16',9),('2023-06-28 10:01:26','UO',42,'玩家42',100,'default','2023-05-26 10:06:16',10),('2023-06-28 10:01:47','UN',42,'玩家42',100,'default','2023-05-26 10:06:16',11),('2023-06-28 10:01:47','UO',42,'玩家42',120,'default','2023-05-26 10:06:16',12),('2023-06-28 10:03:09','UN',42,'玩家42',80,'default','2023-05-26 10:06:16',13),('2023-06-28 10:03:09','UO',42,'玩家42',100,'default','2023-05-26 10:06:16',14),('2023-06-28 10:34:03','UN',45,'玩家45',100,'default','2023-05-28 07:35:20',15),('2023-06-28 10:34:03','UO',45,'玩家45',0,'default','2023-05-28 07:35:20',16),('2023-06-28 10:50:27','UN',42,'玩家42',60,'default','2023-05-26 10:06:16',17),('2023-06-28 10:50:27','UO',42,'玩家42',80,'default','2023-05-26 10:06:16',18),('2023-06-28 11:02:17','UN',45,'玩家45',110,'default','2023-05-28 07:35:20',19),('2023-06-28 11:02:17','UO',45,'玩家45',100,'default','2023-05-28 07:35:20',20),('2023-06-28 11:03:06','UN',45,'玩家45',80,'default','2023-05-28 07:35:20',21),('2023-06-28 11:03:06','UO',45,'玩家45',110,'default','2023-05-28 07:35:20',22),('2023-06-28 11:09:02','UN',42,'玩家42',40,'default','2023-05-26 10:06:16',23),('2023-06-28 11:09:02','UO',42,'玩家42',60,'default','2023-05-26 10:06:16',24),('2023-06-28 11:09:52','UN',45,'玩家45',50,'default','2023-05-28 07:35:20',25),('2023-06-28 11:09:52','UO',45,'玩家45',80,'default','2023-05-28 07:35:20',26),('2023-06-28 11:10:08','UN',45,'玩家45',10,'default','2023-05-28 07:35:20',27),('2023-06-28 11:10:08','UO',45,'玩家45',50,'default','2023-05-28 07:35:20',28),('2023-06-28 11:10:32','UN',45,'玩家45',0,'default','2023-05-28 07:35:20',29),('2023-06-28 11:10:32','UO',45,'玩家45',10,'default','2023-05-28 07:35:20',30),('2023-06-28 11:11:26','UN',45,'玩家45',0,'default','2023-05-28 07:35:20',31),('2023-06-28 11:11:26','UO',45,'玩家45',0,'default','2023-05-28 07:35:20',32),('2023-06-28 14:40:59','UN',45,'玩家45',0,'default','2023-05-28 07:35:20',33),('2023-06-28 14:40:59','UO',45,'玩家45',0,'default','2023-05-28 07:35:20',34),('2023-06-28 15:44:35','UN',45,'玩家45',10,'default','2023-05-28 07:35:20',35),('2023-06-28 15:44:35','UO',45,'玩家45',0,'default','2023-05-28 07:35:20',36),('2023-06-28 15:44:40','UN',45,'玩家45',20,'default','2023-05-28 07:35:20',37),('2023-06-28 15:44:40','UO',45,'玩家45',10,'default','2023-05-28 07:35:20',38),('2023-06-29 01:18:33','UN',45,'玩家45',20,'default','2023-05-28 07:35:20',39),('2023-06-29 01:18:33','UO',45,'玩家45',20,'default','2023-05-28 07:35:20',40),('2023-06-29 01:18:51','UN',45,'玩家45',20,'default','2023-05-28 07:35:20',41),('2023-06-29 01:18:51','UO',45,'玩家45',20,'default','2023-05-28 07:35:20',42),('2023-06-29 01:19:00','UN',45,'玩家45',10,'default','2023-05-28 07:35:20',43),('2023-06-29 01:19:00','UO',45,'玩家45',20,'default','2023-05-28 07:35:20',44),('2023-06-29 01:20:53','UN',42,'玩家42',20,'default','2023-05-26 10:06:16',45),('2023-06-29 01:20:53','UO',42,'玩家42',40,'default','2023-05-26 10:06:16',46),('2023-06-29 06:18:24','UN',45,'玩家45',0,'default','2023-05-28 07:35:20',47),('2023-06-29 06:18:24','UO',45,'玩家45',10,'default','2023-05-28 07:35:20',48),('2023-06-29 06:18:44','UN',45,'玩家45',10,'default','2023-05-28 07:35:20',49),('2023-06-29 06:18:44','UO',45,'玩家45',0,'default','2023-05-28 07:35:20',50),('2023-06-29 06:42:18','UN',45,'玩家45',0,'default','2023-05-28 07:35:20',51),('2023-06-29 06:42:18','UO',45,'玩家45',10,'default','2023-05-28 07:35:20',52),('2023-06-29 06:42:27','UN',45,'玩家45',10,'default','2023-05-28 07:35:20',53),('2023-06-29 06:42:27','UO',45,'玩家45',0,'default','2023-05-28 07:35:20',54),('2023-06-29 06:42:44','UN',45,'玩家45',0,'default','2023-05-28 07:35:20',55),('2023-06-29 06:42:44','UO',45,'玩家45',10,'default','2023-05-28 07:35:20',56),('2023-06-29 06:45:19','UN',45,'玩家45',0,'default','2023-05-28 07:35:20',57),('2023-06-29 06:45:19','UO',45,'玩家45',0,'default','2023-05-28 07:35:20',58),('2023-06-29 06:46:57','UN',45,'玩家45',0,'default','2023-05-28 07:35:20',59),('2023-06-29 06:46:57','UO',45,'玩家45',0,'default','2023-05-28 07:35:20',60),('2023-06-29 06:47:48','UN',45,'玩家45',0,'default','2023-05-28 07:35:20',61),('2023-06-29 06:47:48','UO',45,'玩家45',0,'default','2023-05-28 07:35:20',62),('2023-06-29 06:52:43','UN',45,'玩家45',0,'default','2023-05-28 07:35:20',63),('2023-06-29 06:52:43','UO',45,'玩家45',0,'default','2023-05-28 07:35:20',64),('2023-06-29 06:52:56','UN',45,'玩家45',0,'default','2023-05-28 07:35:20',65),('2023-06-29 06:52:56','UO',45,'玩家45',0,'default','2023-05-28 07:35:20',66),('2023-06-29 06:53:01','UN',45,'玩家45',0,'default','2023-05-28 07:35:20',67),('2023-06-29 06:53:01','UO',45,'玩家45',0,'default','2023-05-28 07:35:20',68),('2023-06-29 06:53:06','UN',45,'玩家45',10,'default','2023-05-28 07:35:20',69),('2023-06-29 06:53:06','UO',45,'玩家45',0,'default','2023-05-28 07:35:20',70),('2023-06-29 06:56:36','UN',45,'玩家45',0,'default','2023-05-28 07:35:20',71),('2023-06-29 06:56:36','UO',45,'玩家45',10,'default','2023-05-28 07:35:20',72),('2023-06-29 07:43:43','UN',45,'玩家45',0,'default','2023-05-28 07:35:20',73),('2023-06-29 07:43:43','UO',45,'玩家45',0,'default','2023-05-28 07:35:20',74),('2023-06-29 07:43:49','UN',45,'玩家45',0,'default','2023-05-28 07:35:20',75),('2023-06-29 07:43:49','UO',45,'玩家45',0,'default','2023-05-28 07:35:20',76),('2023-06-29 07:43:56','UN',45,'玩家45',10,'default','2023-05-28 07:35:20',77),('2023-06-29 07:43:56','UO',45,'玩家45',0,'default','2023-05-28 07:35:20',78),('2023-06-29 07:45:06','UN',45,'玩家45',0,'default','2023-05-28 07:35:20',79),('2023-06-29 07:45:06','UO',45,'玩家45',10,'default','2023-05-28 07:35:20',80),('2023-06-29 07:45:12','UN',45,'玩家45',10,'default','2023-05-28 07:35:20',81),('2023-06-29 07:45:12','UO',45,'玩家45',0,'default','2023-05-28 07:35:20',82),('2023-07-01 05:29:25','UN',45,'玩家45',0,'default','2023-05-28 07:35:20',83),('2023-07-01 05:29:25','UO',45,'玩家45',10,'default','2023-05-28 07:35:20',84),('2023-07-01 05:29:30','UN',45,'玩家45',0,'default','2023-05-28 07:35:20',85),('2023-07-01 05:29:30','UO',45,'玩家45',0,'default','2023-05-28 07:35:20',86),('2023-07-01 05:29:34','UN',45,'玩家45',10,'default','2023-05-28 07:35:20',87),('2023-07-01 05:29:34','UO',45,'玩家45',0,'default','2023-05-28 07:35:20',88),('2023-07-01 07:27:51','UN',45,'玩家45',30,'default','2023-05-28 07:35:20',89),('2023-07-01 07:27:51','UO',45,'玩家45',10,'default','2023-05-28 07:35:20',90),('2023-07-01 08:50:10','UN',45,'玩家45',20,'default','2023-05-28 07:35:20',91),('2023-07-01 08:50:10','UO',45,'玩家45',30,'default','2023-05-28 07:35:20',92),('2023-07-01 08:52:03','UN',45,'玩家45',0,'default','2023-05-28 07:35:20',93),('2023-07-01 08:52:03','UO',45,'玩家45',20,'default','2023-05-28 07:35:20',94),('2023-07-01 08:52:14','UN',45,'玩家45',0,'default','2023-05-28 07:35:20',95),('2023-07-01 08:52:14','UO',45,'玩家45',0,'default','2023-05-28 07:35:20',96),('2023-07-01 08:52:39','UN',45,'玩家45',10,'default','2023-05-28 07:35:20',97),('2023-07-01 08:52:39','UO',45,'玩家45',0,'default','2023-05-28 07:35:20',98),('2023-07-01 08:53:04','UN',45,'玩家45',10,'default','2023-05-28 07:35:20',99),('2023-07-01 08:53:04','UO',45,'玩家45',10,'default','2023-05-28 07:35:20',100),('2023-07-01 10:44:33','UN',45,'玩家45',20,'default','2023-05-28 07:35:20',101),('2023-07-01 10:44:33','UO',45,'玩家45',10,'default','2023-05-28 07:35:20',102),('2023-07-01 10:45:13','UN',45,'玩家45',10,'default','2023-05-28 07:35:20',103),('2023-07-01 10:45:13','UO',45,'玩家45',20,'default','2023-05-28 07:35:20',104),('2023-07-01 10:45:24','UN',45,'玩家45',0,'default','2023-05-28 07:35:20',105),('2023-07-01 10:45:24','UO',45,'玩家45',10,'default','2023-05-28 07:35:20',106),('2023-07-01 10:45:41','UN',45,'玩家45',0,'default','2023-05-28 07:35:20',107),('2023-07-01 10:45:41','UO',45,'玩家45',0,'default','2023-05-28 07:35:20',108),('2023-07-01 10:49:57','UN',45,'玩家45',0,'default','2023-05-28 07:35:20',109),('2023-07-01 10:49:57','UO',45,'玩家45',0,'default','2023-05-28 07:35:20',110),('2023-07-01 12:47:09','UN',45,'玩家45',0,'default','2023-05-28 07:35:20',111),('2023-07-01 12:47:09','UO',45,'玩家45',0,'default','2023-05-28 07:35:20',112),('2023-07-01 12:52:45','UN',42,'玩家42',20,'default','2023-05-26 10:06:16',113),('2023-07-01 12:52:45','UO',42,'玩家42',20,'default','2023-05-26 10:06:16',114),('2023-07-02 06:10:06','UN',45,'玩家45',0,'default','2023-05-28 07:35:20',115),('2023-07-02 06:10:06','UO',45,'玩家45',0,'default','2023-05-28 07:35:20',116),('2023-07-02 06:15:21','UN',45,'玩家45',10,'default','2023-05-28 07:35:20',117),('2023-07-02 06:15:21','UO',45,'玩家45',0,'default','2023-05-28 07:35:20',118),('2023-07-02 12:28:54','UN',45,'玩家45',10,'default','2023-05-28 07:35:20',119),('2023-07-02 12:28:54','UO',45,'玩家45',10,'default','2023-05-28 07:35:20',120),('2023-07-02 14:34:48','UN',45,'玩家45',10,'default','2023-05-28 07:35:20',121),('2023-07-02 14:34:48','UO',45,'玩家45',10,'default','2023-05-28 07:35:20',122),('2023-07-02 16:05:57','UN',45,'joey',10,'default','2023-05-28 07:35:20',123),('2023-07-02 16:05:57','UO',45,'玩家45',10,'default','2023-05-28 07:35:20',124),('2023-07-02 16:19:51','UN',45,'test',10,'default','2023-05-28 07:35:20',125),('2023-07-02 16:19:51','UO',45,'joey',10,'default','2023-05-28 07:35:20',126),('2023-07-02 16:23:20','UN',45,'test',30,'default','2023-05-28 07:35:20',127),('2023-07-02 16:23:20','UO',45,'test',10,'default','2023-05-28 07:35:20',128),('2023-07-02 16:24:05','UN',45,'test',20,'default','2023-05-28 07:35:20',129),('2023-07-02 16:24:05','UO',45,'test',30,'default','2023-05-28 07:35:20',130),('2023-07-02 16:24:09','UN',45,'test',10,'default','2023-05-28 07:35:20',131),('2023-07-02 16:24:09','UO',45,'test',20,'default','2023-05-28 07:35:20',132),('2023-07-02 16:51:22','UN',45,'test',10,'default','2023-05-28 07:35:20',133),('2023-07-02 16:51:22','UO',45,'test',10,'default','2023-05-28 07:35:20',134),('2023-07-02 16:52:50','UN',45,'test',30,'default','2023-05-28 07:35:20',135),('2023-07-02 16:52:50','UO',45,'test',10,'default','2023-05-28 07:35:20',136),('2023-07-02 16:52:58','UN',45,'test',30,'default','2023-05-28 07:35:20',137),('2023-07-02 16:52:58','UO',45,'test',30,'default','2023-05-28 07:35:20',138),('2023-07-02 16:53:31','UN',45,'test',30,'default','2023-05-28 07:35:20',139),('2023-07-02 16:53:31','UO',45,'test',30,'default','2023-05-28 07:35:20',140),('2023-07-03 02:15:05','UN',45,'test',60,'default','2023-05-28 07:35:20',141),('2023-07-03 02:15:05','UO',45,'test',30,'default','2023-05-28 07:35:20',142),('2023-07-03 02:15:21','UN',45,'test',70,'default','2023-05-28 07:35:20',143),('2023-07-03 02:15:21','UO',45,'test',60,'default','2023-05-28 07:35:20',144),('2023-07-03 02:16:00','UN',45,'test',90,'default','2023-05-28 07:35:20',145),('2023-07-03 02:16:00','UO',45,'test',70,'default','2023-05-28 07:35:20',146),('2023-07-03 02:21:39','UN',45,'test',80,'default','2023-05-28 07:35:20',147),('2023-07-03 02:21:39','UO',45,'test',90,'default','2023-05-28 07:35:20',148),('2023-07-03 14:23:05','UN',45,'test',40,'default','2023-05-28 07:35:20',149),('2023-07-03 14:23:05','UO',45,'test',80,'default','2023-05-28 07:35:20',150),('2023-07-03 14:23:48','UN',45,'test',30,'default','2023-05-28 07:35:20',151),('2023-07-03 14:23:48','UO',45,'test',40,'default','2023-05-28 07:35:20',152),('2023-07-03 14:24:08','UN',45,'test',30,'default','2023-05-28 07:35:20',153),('2023-07-03 14:24:08','UO',45,'test',30,'default','2023-05-28 07:35:20',154),('2023-07-03 14:39:29','UN',45,'test',40,'default','2023-05-28 07:35:20',155),('2023-07-03 14:39:29','UO',45,'test',30,'default','2023-05-28 07:35:20',156),('2023-07-03 14:47:22','UN',45,'test',50,'default','2023-05-28 07:35:20',157),('2023-07-03 14:47:22','UO',45,'test',40,'default','2023-05-28 07:35:20',158),('2023-07-04 02:54:17','UN',45,'test',40,'default','2023-05-28 07:35:20',159),('2023-07-04 02:54:17','UO',45,'test',50,'default','2023-05-28 07:35:20',160),('2023-07-04 04:45:17','UN',45,'test',10,'default','2023-05-28 07:35:20',161),('2023-07-04 04:45:17','UO',45,'test',40,'default','2023-05-28 07:35:20',162),('2023-07-04 04:47:09','UN',45,'test',0,'default','2023-05-28 07:35:20',163),('2023-07-04 04:47:09','UO',45,'test',10,'default','2023-05-28 07:35:20',164),('2023-07-04 04:49:12','UN',45,'test',0,'default','2023-05-28 07:35:20',165),('2023-07-04 04:49:12','UO',45,'test',0,'default','2023-05-28 07:35:20',166),('2023-07-08 01:27:21','UN',45,'test',0,'default','2023-05-28 07:35:20',167),('2023-07-08 01:27:21','UO',45,'test',0,'default','2023-05-28 07:35:20',168),('2023-07-10 13:45:53','UN',45,'test',0,'default','2023-05-28 07:35:20',169),('2023-07-10 13:45:53','UO',45,'test',0,'default','2023-05-28 07:35:20',170),('2023-07-13 04:38:37','UN',45,'test',0,'default','2023-05-28 07:35:20',171),('2023-07-13 04:38:37','UO',45,'test',0,'default','2023-05-28 07:35:20',172),('2023-07-13 13:38:33','UN',45,'test',0,'default','2023-05-28 07:35:20',173),('2023-07-13 13:38:33','UO',45,'test',0,'default','2023-05-28 07:35:20',174),('2023-07-17 06:36:40','UN',44,'玩家44',10,'default','2023-05-26 11:59:13',175),('2023-07-17 06:36:40','UO',44,'玩家44',0,'default','2023-05-26 11:59:13',176),('2023-07-17 06:36:40','UN',45,'test',5,'default','2023-05-28 07:35:20',177),('2023-07-17 06:36:40','UO',45,'test',0,'default','2023-05-28 07:35:20',178),('2023-07-17 07:20:42','I',1,'惡魔天使  ',176,'default','2023-07-16 00:00:00',179),('2023-07-17 07:20:42','I',2,'丹尼瑪澤  ',200,'default','2023-07-17 00:00:00',180),('2023-07-17 07:20:42','I',4,'夜鷹  ',25,'default','2023-07-19 00:00:00',181),('2023-07-17 07:20:42','I',5,'萊拉米勒  ',124,'default','2023-07-20 00:00:00',182),('2023-07-17 07:20:42','I',6,'天體  ',45,'default','2023-07-21 00:00:00',183),('2023-07-17 07:20:42','I',7,'幻影記者  ',121,'default','2023-07-22 00:00:00',184),('2023-07-17 07:20:42','I',8,'月龍  ',141,'default','2023-07-23 00:00:00',185),('2023-07-17 07:20:42','I',9,'MK14  ',139,'default','2023-07-24 00:00:00',186),('2023-07-17 07:20:42','I',10,'P14C  ',36,'default','2023-07-25 00:00:00',187),('2023-07-17 07:20:42','I',11,'M249  ',38,'default','2023-07-26 00:00:00',188),('2023-07-17 07:20:42','I',12,'G36C  ',135,'default','2023-07-27 00:00:00',189),('2023-07-17 07:20:42','I',13,'三和  ',162,'default','2023-07-28 00:00:00',190),('2023-07-17 07:20:42','I',14,'蚯蚓_吉姆  ',75,'default','2023-07-29 00:00:00',191),('2023-07-17 07:20:42','I',15,'勞拉克羅夫特  ',131,'default','2023-07-30 00:00:00',192),('2023-07-17 07:20:42','I',16,'吃豆人  ',153,'default','2023-07-31 00:00:00',193),('2023-07-17 07:20:42','I',17,'埃齊奧  ',135,'default','2023-08-01 00:00:00',194),('2023-07-17 07:20:42','I',18,'馬庫斯_菲尼克斯  ',168,'default','2023-08-02 00:00:00',195),('2023-07-17 07:20:42','I',19,'寶_兄弟  ',5,'default','2023-08-03 00:00:00',196),('2023-07-17 07:20:42','I',20,'史詩  ',56,'default','2023-08-04 00:00:00',197),('2023-07-17 07:20:42','I',21,'煙霧  ',30,'default','2023-08-05 00:00:00',198),('2023-07-17 07:20:42','I',22,'鯊魚  ',32,'default','2023-08-06 00:00:00',199),('2023-07-17 07:20:42','I',23,'沙沙  ',100,'default','2023-08-07 00:00:00',200),('2023-07-17 07:20:42','I',24,'努賓斯·古迪  ',121,'default','2023-08-08 00:00:00',201),('2023-07-17 07:20:42','I',25,'辛納特拉  ',73,'default','2023-08-09 00:00:00',202),('2023-07-17 07:20:42','I',26,'監護人  ',137,'default','2023-08-10 00:00:00',203),('2023-07-17 07:20:42','I',27,'奇塔里  ',93,'default','2023-08-11 00:00:00',204),('2023-07-17 07:20:42','I',28,'毒刺  ',11,'default','2023-08-12 00:00:00',205),('2023-07-17 07:20:42','I',29,'擁抱  ',175,'default','2023-08-13 00:00:00',206),('2023-07-17 07:20:42','I',30,'誘餌  ',117,'default','2023-08-14 00:00:00',207),('2023-07-17 07:20:42','I',31,'藍精靈  ',2,'default','2023-08-15 00:00:00',208),('2023-07-17 07:20:42','I',32,'PK  ',28,'default','2023-08-16 00:00:00',209),('2023-07-17 07:20:42','I',33,'哈巴狗  ',8,'default','2023-08-17 00:00:00',210),('2023-07-17 07:20:42','I',34,'WTH  ',142,'default','2023-08-18 00:00:00',211),('2023-07-17 07:20:42','I',36,'國標  ',116,'default','2023-08-20 00:00:00',212),('2023-07-17 07:20:42','I',37,'帥哥傑克  ',64,'default','2023-08-21 00:00:00',213),('2023-07-17 07:20:42','I',38,'法格斯  ',161,'default','2023-08-22 00:00:00',214),('2023-07-17 07:20:42','I',39,'關聯  ',153,'default','2023-08-23 00:00:00',215),('2023-07-17 07:20:42','I',40,'班卓琴  ',187,'default','2023-08-24 00:00:00',216),('2023-07-17 07:20:42','I',41,'斯拉昆10 ',169,'default','2023-08-25 00:00:00',217),('2023-07-17 07:20:42','I',43,'xQcOW  ',182,'default','2023-08-27 00:00:00',218),('2023-07-17 07:20:42','I',46,'伊姆克里斯蒂尼尼  ',14,'default','2023-08-30 00:00:00',219),('2023-07-17 07:20:42','I',47,'科斯庫  ',139,'default','2023-08-31 00:00:00',220),('2023-07-17 07:20:42','I',48,'康  ',159,'default','2023-09-01 00:00:00',221),('2023-07-17 07:20:42','I',49,'劉艾迪  ',184,'default','2023-09-02 00:00:00',222),('2023-07-17 07:20:42','I',50,'永生  ',157,'default','2023-09-03 00:00:00',223),('2023-07-17 07:20:42','I',51,'祖拉斯  ',52,'default','2023-09-04 00:00:00',224),('2023-07-17 07:20:42','I',52,'黑烏鴉  ',67,'default','2023-09-05 00:00:00',225),('2023-07-17 07:20:42','I',53,'殺手鮑勃  ',137,'default','2023-09-06 00:00:00',226),('2023-07-17 07:20:42','I',54,'公主  ',58,'default','2023-09-07 00:00:00',227),('2023-07-17 07:20:42','I',55,'心理窺視  ',150,'default','2023-09-08 00:00:00',228),('2023-07-17 07:20:42','I',56,'波里莫尼  ',72,'default','2023-09-09 00:00:00',229),('2023-07-17 07:20:42','I',57,'孤兒  ',40,'default','2023-09-10 00:00:00',230),('2023-07-17 07:21:11','I',58,'天天小公主  ',108,'default','2023-09-11 00:00:00',231),('2023-07-17 07:21:11','I',59,'鼎盛時期  ',52,'default','2023-09-12 00:00:00',232),('2023-07-17 07:21:11','I',60,'狙擊槍  ',76,'default','2023-09-13 00:00:00',233),('2023-07-17 07:21:11','I',61,'是凌碩吖',199,'default','2023-09-14 00:00:00',234),('2023-07-17 07:21:11','I',62,'一隻涵滌呀',147,'default','2023-09-15 00:00:00',235),('2023-07-17 07:21:11','I',63,'黯然清波',180,'default','2023-09-16 00:00:00',236),('2023-07-17 07:21:11','I',64,'綿掌辛未',161,'default','2023-09-17 00:00:00',237),('2023-07-17 07:21:11','I',65,'若松mm',51,'default','2023-09-18 00:00:00',238),('2023-07-17 07:21:11','I',66,'暴風衛鎮',9,'default','2023-09-19 00:00:00',239),('2023-07-17 07:21:11','I',67,'雨巷少年濟樂',113,'default','2023-09-20 00:00:00',240),('2023-07-17 07:21:11','I',68,'一條小晨菲',64,'default','2023-09-21 00:00:00',241),('2023-07-17 07:21:11','I',69,'努力啊大志紅',87,'default','2023-09-22 00:00:00',242),('2023-07-17 07:21:11','I',71,'藤原鑫鵬',92,'default','2023-09-24 00:00:00',243),('2023-07-17 07:21:11','I',72,'坂田季萌',53,'default','2023-09-25 00:00:00',244),('2023-07-17 07:21:11','I',73,'上章大叔',56,'default','2023-09-26 00:00:00',245),('2023-07-17 07:21:11','I',74,'幼旋mm',121,'default','2023-09-27 00:00:00',246),('2023-07-17 07:21:11','I',75,'一條小陽嘉',153,'default','2023-09-28 00:00:00',247),('2023-07-17 07:21:11','I',76,'星宇少爺',16,'default','2023-09-29 00:00:00',248),('2023-07-17 07:21:11','I',77,'一隻東帥呀',93,'default','2023-09-30 00:00:00',249),('2023-07-17 07:21:11','I',78,'蒼風樂家',112,'default','2023-10-01 00:00:00',250),('2023-07-17 07:21:11','I',79,'鑑恆大叔',133,'default','2023-10-02 00:00:00',251),('2023-07-17 07:21:11','I',80,'昊偉君',134,'default','2023-10-03 00:00:00',252),('2023-07-17 07:21:11','I',81,'一南可愛嗎',30,'default','2023-10-04 00:00:00',253),('2023-07-17 07:21:11','I',82,'電光雷霆',26,'default','2023-10-05 00:00:00',254),('2023-07-17 07:21:11','I',83,'影子刀刃',36,'default','2023-10-06 00:00:00',255),('2023-07-17 07:21:11','I',84,'冰霜之怒',84,'default','2023-10-07 00:00:00',256),('2023-07-17 07:21:11','I',85,'烈焰狼',79,'default','2023-10-08 00:00:00',257),('2023-07-17 07:21:11','I',86,'暗夜使者',188,'default','2023-10-09 00:00:00',258),('2023-07-17 07:21:11','I',87,'鐵鷹',79,'default','2023-10-10 00:00:00',259),('2023-07-17 07:21:11','I',88,'暴風騎士',43,'default','2023-10-11 00:00:00',260),('2023-07-17 07:21:11','I',89,'毒蛇尖刺',99,'default','2023-10-12 00:00:00',261),('2023-07-17 07:21:11','I',90,'藍寶石龍',109,'default','2023-10-13 00:00:00',262),('2023-07-17 07:21:11','I',91,'霜寒之心',148,'default','2023-10-14 00:00:00',263),('2023-07-17 07:21:11','I',92,'紫羽天使',150,'default','2023-10-15 00:00:00',264),('2023-07-17 07:21:11','I',93,'狂暴戰鬥機',99,'default','2023-10-16 00:00:00',265),('2023-07-17 07:21:11','I',94,'烈焰戰神',118,'default','2023-10-17 00:00:00',266),('2023-07-17 07:21:11','I',95,'碎冰之王',137,'default','2023-10-18 00:00:00',267),('2023-07-17 07:21:11','I',96,'努力啊大博文',10,'default','2023-10-19 00:00:00',268),('2023-07-17 07:21:11','I',97,'星熊君之',69,'default','2023-10-20 00:00:00',269),('2023-07-17 07:21:11','I',98,'晨輝少爺',56,'default','2023-10-21 00:00:00',270),('2023-07-17 07:21:11','I',99,'詩詩mio',189,'default','2023-10-22 00:00:00',271),('2023-07-17 07:21:11','I',100,'是你的迎臣呀',185,'default','2023-10-23 00:00:00',272),('2023-07-17 07:21:11','I',101,'宏博氏',18,'default','2023-10-24 00:00:00',273),('2023-07-17 07:21:11','I',102,'金剛鵬翼',182,'default','2023-10-25 00:00:00',274),('2023-07-23 05:38:43','UN',45,'test',5,'default','2023-05-28 07:35:20',275),('2023-07-23 05:38:43','UO',45,'test',5,'default','2023-05-28 07:35:20',276),('2023-07-23 06:16:31','UN',45,'test',0,'default','2023-05-28 07:35:20',277),('2023-07-23 06:16:31','UO',45,'test',5,'default','2023-05-28 07:35:20',278),('2023-07-23 06:16:59','UN',45,'test',0,'default','2023-05-28 07:35:20',279),('2023-07-23 06:16:59','UO',45,'test',0,'default','2023-05-28 07:35:20',280),('2023-07-23 06:17:24','UN',45,'test',10,'default','2023-05-28 07:35:20',281),('2023-07-23 06:17:24','UO',45,'test',0,'default','2023-05-28 07:35:20',282),('2023-07-23 07:24:36','UN',45,'test',0,'default','2023-05-28 07:35:20',283),('2023-07-23 07:24:36','UO',45,'test',10,'default','2023-05-28 07:35:20',284),('2023-07-23 07:24:57','UN',45,'test',10,'default','2023-05-28 07:35:20',285),('2023-07-23 07:24:57','UO',45,'test',0,'default','2023-05-28 07:35:20',286),('2023-07-23 07:43:59','UN',45,'test',0,'default','2023-05-28 07:35:20',287),('2023-07-23 07:43:59','UO',45,'test',10,'default','2023-05-28 07:35:20',288),('2023-07-23 07:51:37','UN',45,'test',10,'default','2023-05-28 07:35:20',289),('2023-07-23 07:51:37','UO',45,'test',0,'default','2023-05-28 07:35:20',290),('2023-08-03 05:31:16','UN',45,'test',20,'default','2023-05-28 07:35:20',291),('2023-08-03 05:31:16','UO',45,'test',10,'default','2023-05-28 07:35:20',292),('2023-08-03 06:08:20','UN',1,'惡魔天使嗨',176,'default','2023-07-16 00:00:00',293),('2023-08-03 06:08:20','UO',1,'惡魔天使  ',176,'default','2023-07-16 00:00:00',294),('2023-08-03 06:16:32','UN',45,'test',20,'default','2023-05-28 07:35:20',303),('2023-08-03 06:16:32','UO',45,'test',20,'default','2023-05-28 07:35:20',304),('2023-08-03 06:27:42','UN',59,'鼎盛時期',52,'default','2023-09-12 00:00:00',305),('2023-08-03 06:27:42','UO',59,'鼎盛時期  ',52,'default','2023-09-12 00:00:00',306),('2023-08-03 06:27:42','UN',52,'黑烏鴉',67,'default','2023-09-05 00:00:00',307),('2023-08-03 06:27:42','UO',52,'黑烏鴉  ',67,'default','2023-09-05 00:00:00',308),('2023-08-03 06:27:42','UN',22,'鯊魚',32,'default','2023-08-06 00:00:00',309),('2023-08-03 06:27:42','UO',22,'鯊魚  ',32,'default','2023-08-06 00:00:00',310),('2023-08-03 06:27:42','UN',18,'馬庫斯_菲尼克斯',168,'default','2023-08-02 00:00:00',311),('2023-08-03 06:27:42','UO',18,'馬庫斯_菲尼克斯  ',168,'default','2023-08-02 00:00:00',312),('2023-08-03 06:27:42','UN',39,'關聯',153,'default','2023-08-23 00:00:00',313),('2023-08-03 06:27:42','UO',39,'關聯  ',153,'default','2023-08-23 00:00:00',314),('2023-08-03 06:27:42','UN',25,'辛納特拉',73,'default','2023-08-09 00:00:00',315),('2023-08-03 06:27:42','UO',25,'辛納特拉  ',73,'default','2023-08-09 00:00:00',316),('2023-08-03 06:27:42','UN',30,'誘餌',117,'default','2023-08-14 00:00:00',317),('2023-08-03 06:27:42','UO',30,'誘餌  ',117,'default','2023-08-14 00:00:00',318),('2023-08-03 06:29:39','UN',1,'惡魔天使嗨',176,'default','2023-07-16 00:00:00',319),('2023-08-03 06:29:39','UO',1,'惡魔天使嗨',176,'default','2023-07-16 00:00:00',320),('2023-08-03 06:29:39','UN',2,'丹尼瑪澤  ',200,'default','2023-07-17 00:00:00',321),('2023-08-03 06:29:39','UO',2,'丹尼瑪澤  ',200,'default','2023-07-17 00:00:00',322),('2023-08-03 06:29:39','UN',4,'夜鷹  ',25,'default','2023-07-19 00:00:00',323),('2023-08-03 06:29:39','UO',4,'夜鷹  ',25,'default','2023-07-19 00:00:00',324),('2023-08-03 06:29:39','UN',5,'萊拉米勒  ',124,'default','2023-07-20 00:00:00',325),('2023-08-03 06:29:39','UO',5,'萊拉米勒  ',124,'default','2023-07-20 00:00:00',326),('2023-08-03 06:29:39','UN',6,'天體  ',45,'default','2023-07-21 00:00:00',327),('2023-08-03 06:29:39','UO',6,'天體  ',45,'default','2023-07-21 00:00:00',328),('2023-08-03 06:29:39','UN',7,'幻影記者  ',121,'default','2023-07-22 00:00:00',329),('2023-08-03 06:29:39','UO',7,'幻影記者  ',121,'default','2023-07-22 00:00:00',330),('2023-08-03 06:29:39','UN',8,'月龍  ',141,'default','2023-07-23 00:00:00',331),('2023-08-03 06:29:39','UO',8,'月龍  ',141,'default','2023-07-23 00:00:00',332),('2023-08-03 06:29:39','UN',9,'MK14  ',139,'default','2023-07-24 00:00:00',333),('2023-08-03 06:29:39','UO',9,'MK14  ',139,'default','2023-07-24 00:00:00',334),('2023-08-03 06:29:39','UN',10,'P14C  ',36,'default','2023-07-25 00:00:00',335),('2023-08-03 06:29:39','UO',10,'P14C  ',36,'default','2023-07-25 00:00:00',336),('2023-08-03 06:29:39','UN',11,'M249  ',38,'default','2023-07-26 00:00:00',337),('2023-08-03 06:29:39','UO',11,'M249  ',38,'default','2023-07-26 00:00:00',338),('2023-08-03 06:29:39','UN',12,'G36C  ',135,'default','2023-07-27 00:00:00',339),('2023-08-03 06:29:39','UO',12,'G36C  ',135,'default','2023-07-27 00:00:00',340),('2023-08-03 06:29:39','UN',13,'三和  ',162,'default','2023-07-28 00:00:00',341),('2023-08-03 06:29:39','UO',13,'三和  ',162,'default','2023-07-28 00:00:00',342),('2023-08-03 06:29:39','UN',14,'蚯蚓_吉姆  ',75,'default','2023-07-29 00:00:00',343),('2023-08-03 06:29:39','UO',14,'蚯蚓_吉姆  ',75,'default','2023-07-29 00:00:00',344),('2023-08-03 06:29:39','UN',15,'勞拉克羅夫特  ',131,'default','2023-07-30 00:00:00',345),('2023-08-03 06:29:39','UO',15,'勞拉克羅夫特  ',131,'default','2023-07-30 00:00:00',346),('2023-08-03 06:29:39','UN',16,'吃豆人  ',153,'default','2023-07-31 00:00:00',347),('2023-08-03 06:29:39','UO',16,'吃豆人  ',153,'default','2023-07-31 00:00:00',348),('2023-08-03 06:29:39','UN',17,'埃齊奧  ',135,'default','2023-08-01 00:00:00',349),('2023-08-03 06:29:39','UO',17,'埃齊奧  ',135,'default','2023-08-01 00:00:00',350),('2023-08-03 06:29:39','UN',18,'馬庫斯_菲尼克斯',168,'default','2023-08-02 00:00:00',351),('2023-08-03 06:29:39','UO',18,'馬庫斯_菲尼克斯',168,'default','2023-08-02 00:00:00',352),('2023-08-03 06:29:39','UN',19,'寶_兄弟  ',5,'default','2023-08-03 00:00:00',353),('2023-08-03 06:29:39','UO',19,'寶_兄弟  ',5,'default','2023-08-03 00:00:00',354),('2023-08-03 06:29:39','UN',20,'史詩  ',56,'default','2023-08-04 00:00:00',355),('2023-08-03 06:29:39','UO',20,'史詩  ',56,'default','2023-08-04 00:00:00',356),('2023-08-03 06:29:39','UN',21,'煙霧  ',30,'default','2023-08-05 00:00:00',357),('2023-08-03 06:29:39','UO',21,'煙霧  ',30,'default','2023-08-05 00:00:00',358),('2023-08-03 06:29:39','UN',22,'鯊魚',32,'default','2023-08-06 00:00:00',359),('2023-08-03 06:29:39','UO',22,'鯊魚',32,'default','2023-08-06 00:00:00',360),('2023-08-03 06:29:39','UN',23,'沙沙  ',100,'default','2023-08-07 00:00:00',361),('2023-08-03 06:29:39','UO',23,'沙沙  ',100,'default','2023-08-07 00:00:00',362),('2023-08-03 06:29:39','UN',24,'努賓斯·古迪  ',121,'default','2023-08-08 00:00:00',363),('2023-08-03 06:29:39','UO',24,'努賓斯·古迪  ',121,'default','2023-08-08 00:00:00',364),('2023-08-03 06:29:39','UN',25,'辛納特拉',73,'default','2023-08-09 00:00:00',365),('2023-08-03 06:29:39','UO',25,'辛納特拉',73,'default','2023-08-09 00:00:00',366),('2023-08-03 06:29:39','UN',26,'監護人  ',137,'default','2023-08-10 00:00:00',367),('2023-08-03 06:29:39','UO',26,'監護人  ',137,'default','2023-08-10 00:00:00',368),('2023-08-03 06:29:39','UN',27,'奇塔里  ',93,'default','2023-08-11 00:00:00',369),('2023-08-03 06:29:39','UO',27,'奇塔里  ',93,'default','2023-08-11 00:00:00',370),('2023-08-03 06:29:39','UN',28,'毒刺  ',11,'default','2023-08-12 00:00:00',371),('2023-08-03 06:29:39','UO',28,'毒刺  ',11,'default','2023-08-12 00:00:00',372),('2023-08-03 06:29:39','UN',29,'擁抱  ',175,'default','2023-08-13 00:00:00',373),('2023-08-03 06:29:39','UO',29,'擁抱  ',175,'default','2023-08-13 00:00:00',374),('2023-08-03 06:29:39','UN',30,'誘餌',117,'default','2023-08-14 00:00:00',375),('2023-08-03 06:29:39','UO',30,'誘餌',117,'default','2023-08-14 00:00:00',376),('2023-08-03 06:29:39','UN',31,'藍精靈  ',2,'default','2023-08-15 00:00:00',377),('2023-08-03 06:29:39','UO',31,'藍精靈  ',2,'default','2023-08-15 00:00:00',378),('2023-08-03 06:29:39','UN',32,'PK  ',28,'default','2023-08-16 00:00:00',379),('2023-08-03 06:29:39','UO',32,'PK  ',28,'default','2023-08-16 00:00:00',380),('2023-08-03 06:29:39','UN',33,'哈巴狗  ',8,'default','2023-08-17 00:00:00',381),('2023-08-03 06:29:39','UO',33,'哈巴狗  ',8,'default','2023-08-17 00:00:00',382),('2023-08-03 06:29:39','UN',34,'WTH  ',142,'default','2023-08-18 00:00:00',383),('2023-08-03 06:29:39','UO',34,'WTH  ',142,'default','2023-08-18 00:00:00',384),('2023-08-03 06:29:39','UN',36,'國標  ',116,'default','2023-08-20 00:00:00',385),('2023-08-03 06:29:39','UO',36,'國標  ',116,'default','2023-08-20 00:00:00',386),('2023-08-03 06:29:39','UN',37,'帥哥傑克  ',64,'default','2023-08-21 00:00:00',387),('2023-08-03 06:29:39','UO',37,'帥哥傑克  ',64,'default','2023-08-21 00:00:00',388),('2023-08-03 06:29:39','UN',38,'法格斯  ',161,'default','2023-08-22 00:00:00',389),('2023-08-03 06:29:39','UO',38,'法格斯  ',161,'default','2023-08-22 00:00:00',390),('2023-08-03 06:29:39','UN',39,'關聯',153,'default','2023-08-23 00:00:00',391),('2023-08-03 06:29:39','UO',39,'關聯',153,'default','2023-08-23 00:00:00',392),('2023-08-03 06:29:39','UN',40,'班卓琴  ',187,'default','2023-08-24 00:00:00',393),('2023-08-03 06:29:39','UO',40,'班卓琴  ',187,'default','2023-08-24 00:00:00',394),('2023-08-03 06:29:39','UN',41,'斯拉昆10',169,'default','2023-08-25 00:00:00',395),('2023-08-03 06:29:39','UO',41,'斯拉昆10 ',169,'default','2023-08-25 00:00:00',396),('2023-08-03 06:29:39','UN',42,'玩家42',20,'default','2023-05-26 10:06:16',397),('2023-08-03 06:29:39','UO',42,'玩家42',20,'default','2023-05-26 10:06:16',398),('2023-08-03 06:29:39','UN',43,'xQcOW  ',182,'default','2023-08-27 00:00:00',399),('2023-08-03 06:29:39','UO',43,'xQcOW  ',182,'default','2023-08-27 00:00:00',400),('2023-08-03 06:29:39','UN',44,'玩家44',10,'default','2023-05-26 11:59:13',401),('2023-08-03 06:29:39','UO',44,'玩家44',10,'default','2023-05-26 11:59:13',402),('2023-08-03 06:29:39','UN',45,'test',20,'default','2023-05-28 07:35:20',403),('2023-08-03 06:29:39','UO',45,'test',20,'default','2023-05-28 07:35:20',404),('2023-08-03 06:29:39','UN',46,'伊姆克里斯蒂尼尼  ',14,'default','2023-08-30 00:00:00',405),('2023-08-03 06:29:39','UO',46,'伊姆克里斯蒂尼尼  ',14,'default','2023-08-30 00:00:00',406),('2023-08-03 06:29:39','UN',47,'科斯庫  ',139,'default','2023-08-31 00:00:00',407),('2023-08-03 06:29:39','UO',47,'科斯庫  ',139,'default','2023-08-31 00:00:00',408),('2023-08-03 06:29:39','UN',48,'康  ',159,'default','2023-09-01 00:00:00',409),('2023-08-03 06:29:39','UO',48,'康  ',159,'default','2023-09-01 00:00:00',410),('2023-08-03 06:29:39','UN',49,'劉艾迪  ',184,'default','2023-09-02 00:00:00',411),('2023-08-03 06:29:39','UO',49,'劉艾迪  ',184,'default','2023-09-02 00:00:00',412),('2023-08-03 06:29:39','UN',50,'永生  ',157,'default','2023-09-03 00:00:00',413),('2023-08-03 06:29:39','UO',50,'永生  ',157,'default','2023-09-03 00:00:00',414),('2023-08-03 06:29:39','UN',51,'祖拉斯  ',52,'default','2023-09-04 00:00:00',415),('2023-08-03 06:29:39','UO',51,'祖拉斯  ',52,'default','2023-09-04 00:00:00',416),('2023-08-03 06:29:39','UN',52,'黑烏鴉',67,'default','2023-09-05 00:00:00',417),('2023-08-03 06:29:39','UO',52,'黑烏鴉',67,'default','2023-09-05 00:00:00',418),('2023-08-03 06:29:39','UN',53,'殺手鮑勃  ',137,'default','2023-09-06 00:00:00',419),('2023-08-03 06:29:39','UO',53,'殺手鮑勃  ',137,'default','2023-09-06 00:00:00',420),('2023-08-03 06:29:39','UN',54,'公主  ',58,'default','2023-09-07 00:00:00',421),('2023-08-03 06:29:39','UO',54,'公主  ',58,'default','2023-09-07 00:00:00',422),('2023-08-03 06:29:39','UN',55,'心理窺視  ',150,'default','2023-09-08 00:00:00',423),('2023-08-03 06:29:39','UO',55,'心理窺視  ',150,'default','2023-09-08 00:00:00',424),('2023-08-03 06:29:39','UN',56,'波里莫尼  ',72,'default','2023-09-09 00:00:00',425),('2023-08-03 06:29:39','UO',56,'波里莫尼  ',72,'default','2023-09-09 00:00:00',426),('2023-08-03 06:29:39','UN',57,'孤兒  ',40,'default','2023-09-10 00:00:00',427),('2023-08-03 06:29:39','UO',57,'孤兒  ',40,'default','2023-09-10 00:00:00',428),('2023-08-03 06:29:39','UN',58,'天天小公主  ',108,'default','2023-09-11 00:00:00',429),('2023-08-03 06:29:39','UO',58,'天天小公主  ',108,'default','2023-09-11 00:00:00',430),('2023-08-03 06:29:39','UN',59,'鼎盛時期',52,'default','2023-09-12 00:00:00',431),('2023-08-03 06:29:39','UO',59,'鼎盛時期',52,'default','2023-09-12 00:00:00',432),('2023-08-03 06:29:39','UN',60,'狙擊槍  ',76,'default','2023-09-13 00:00:00',433),('2023-08-03 06:29:39','UO',60,'狙擊槍  ',76,'default','2023-09-13 00:00:00',434),('2023-08-03 06:29:39','UN',61,'是凌碩吖',199,'default','2023-09-14 00:00:00',435),('2023-08-03 06:29:39','UO',61,'是凌碩吖',199,'default','2023-09-14 00:00:00',436),('2023-08-03 06:29:39','UN',62,'一隻涵滌呀',147,'default','2023-09-15 00:00:00',437),('2023-08-03 06:29:39','UO',62,'一隻涵滌呀',147,'default','2023-09-15 00:00:00',438),('2023-08-03 06:29:39','UN',63,'黯然清波',180,'default','2023-09-16 00:00:00',439),('2023-08-03 06:29:39','UO',63,'黯然清波',180,'default','2023-09-16 00:00:00',440),('2023-08-03 06:29:39','UN',64,'綿掌辛未',161,'default','2023-09-17 00:00:00',441),('2023-08-03 06:29:39','UO',64,'綿掌辛未',161,'default','2023-09-17 00:00:00',442),('2023-08-03 06:29:39','UN',65,'若松mm',51,'default','2023-09-18 00:00:00',443),('2023-08-03 06:29:39','UO',65,'若松mm',51,'default','2023-09-18 00:00:00',444),('2023-08-03 06:29:39','UN',66,'暴風衛鎮',9,'default','2023-09-19 00:00:00',445),('2023-08-03 06:29:39','UO',66,'暴風衛鎮',9,'default','2023-09-19 00:00:00',446),('2023-08-03 06:29:39','UN',67,'雨巷少年濟樂',113,'default','2023-09-20 00:00:00',447),('2023-08-03 06:29:39','UO',67,'雨巷少年濟樂',113,'default','2023-09-20 00:00:00',448),('2023-08-03 06:29:39','UN',68,'一條小晨菲',64,'default','2023-09-21 00:00:00',449),('2023-08-03 06:29:39','UO',68,'一條小晨菲',64,'default','2023-09-21 00:00:00',450),('2023-08-03 06:29:39','UN',69,'努力啊大志紅',87,'default','2023-09-22 00:00:00',451),('2023-08-03 06:29:39','UO',69,'努力啊大志紅',87,'default','2023-09-22 00:00:00',452),('2023-08-03 06:29:39','UN',70,'玩家70',0,'default','2023-05-29 11:40:03',453),('2023-08-03 06:29:39','UO',70,'玩家70',0,'default','2023-05-29 11:40:03',454),('2023-08-03 06:29:39','UN',71,'藤原鑫鵬',92,'default','2023-09-24 00:00:00',455),('2023-08-03 06:29:39','UO',71,'藤原鑫鵬',92,'default','2023-09-24 00:00:00',456),('2023-08-03 06:29:39','UN',72,'坂田季萌',53,'default','2023-09-25 00:00:00',457),('2023-08-03 06:29:39','UO',72,'坂田季萌',53,'default','2023-09-25 00:00:00',458),('2023-08-03 06:29:39','UN',73,'上章大叔',56,'default','2023-09-26 00:00:00',459),('2023-08-03 06:29:39','UO',73,'上章大叔',56,'default','2023-09-26 00:00:00',460),('2023-08-03 06:29:39','UN',74,'幼旋mm',121,'default','2023-09-27 00:00:00',461),('2023-08-03 06:29:39','UO',74,'幼旋mm',121,'default','2023-09-27 00:00:00',462),('2023-08-03 06:29:39','UN',75,'一條小陽嘉',153,'default','2023-09-28 00:00:00',463),('2023-08-03 06:29:39','UO',75,'一條小陽嘉',153,'default','2023-09-28 00:00:00',464),('2023-08-03 06:29:39','UN',76,'星宇少爺',16,'default','2023-09-29 00:00:00',465),('2023-08-03 06:29:39','UO',76,'星宇少爺',16,'default','2023-09-29 00:00:00',466),('2023-08-03 06:29:39','UN',77,'一隻東帥呀',93,'default','2023-09-30 00:00:00',467),('2023-08-03 06:29:39','UO',77,'一隻東帥呀',93,'default','2023-09-30 00:00:00',468),('2023-08-03 06:29:39','UN',78,'蒼風樂家',112,'default','2023-10-01 00:00:00',469),('2023-08-03 06:29:39','UO',78,'蒼風樂家',112,'default','2023-10-01 00:00:00',470),('2023-08-03 06:29:39','UN',79,'鑑恆大叔',133,'default','2023-10-02 00:00:00',471),('2023-08-03 06:29:39','UO',79,'鑑恆大叔',133,'default','2023-10-02 00:00:00',472),('2023-08-03 06:29:39','UN',80,'昊偉君',134,'default','2023-10-03 00:00:00',473),('2023-08-03 06:29:39','UO',80,'昊偉君',134,'default','2023-10-03 00:00:00',474),('2023-08-03 06:29:39','UN',81,'一南可愛嗎',30,'default','2023-10-04 00:00:00',475),('2023-08-03 06:29:39','UO',81,'一南可愛嗎',30,'default','2023-10-04 00:00:00',476),('2023-08-03 06:29:39','UN',82,'電光雷霆',26,'default','2023-10-05 00:00:00',477),('2023-08-03 06:29:39','UO',82,'電光雷霆',26,'default','2023-10-05 00:00:00',478),('2023-08-03 06:29:39','UN',83,'影子刀刃',36,'default','2023-10-06 00:00:00',479),('2023-08-03 06:29:39','UO',83,'影子刀刃',36,'default','2023-10-06 00:00:00',480),('2023-08-03 06:29:39','UN',84,'冰霜之怒',84,'default','2023-10-07 00:00:00',481),('2023-08-03 06:29:39','UO',84,'冰霜之怒',84,'default','2023-10-07 00:00:00',482),('2023-08-03 06:29:39','UN',85,'烈焰狼',79,'default','2023-10-08 00:00:00',483),('2023-08-03 06:29:39','UO',85,'烈焰狼',79,'default','2023-10-08 00:00:00',484),('2023-08-03 06:29:39','UN',86,'暗夜使者',188,'default','2023-10-09 00:00:00',485),('2023-08-03 06:29:39','UO',86,'暗夜使者',188,'default','2023-10-09 00:00:00',486),('2023-08-03 06:29:39','UN',87,'鐵鷹',79,'default','2023-10-10 00:00:00',487),('2023-08-03 06:29:39','UO',87,'鐵鷹',79,'default','2023-10-10 00:00:00',488),('2023-08-03 06:29:39','UN',88,'暴風騎士',43,'default','2023-10-11 00:00:00',489),('2023-08-03 06:29:39','UO',88,'暴風騎士',43,'default','2023-10-11 00:00:00',490),('2023-08-03 06:29:39','UN',89,'毒蛇尖刺',99,'default','2023-10-12 00:00:00',491),('2023-08-03 06:29:39','UO',89,'毒蛇尖刺',99,'default','2023-10-12 00:00:00',492),('2023-08-03 06:29:39','UN',90,'藍寶石龍',109,'default','2023-10-13 00:00:00',493),('2023-08-03 06:29:39','UO',90,'藍寶石龍',109,'default','2023-10-13 00:00:00',494),('2023-08-03 06:29:39','UN',91,'霜寒之心',148,'default','2023-10-14 00:00:00',495),('2023-08-03 06:29:39','UO',91,'霜寒之心',148,'default','2023-10-14 00:00:00',496),('2023-08-03 06:29:39','UN',92,'紫羽天使',150,'default','2023-10-15 00:00:00',497),('2023-08-03 06:29:39','UO',92,'紫羽天使',150,'default','2023-10-15 00:00:00',498),('2023-08-03 06:29:39','UN',93,'狂暴戰鬥機',99,'default','2023-10-16 00:00:00',499),('2023-08-03 06:29:39','UO',93,'狂暴戰鬥機',99,'default','2023-10-16 00:00:00',500),('2023-08-03 06:29:39','UN',94,'烈焰戰神',118,'default','2023-10-17 00:00:00',501),('2023-08-03 06:29:39','UO',94,'烈焰戰神',118,'default','2023-10-17 00:00:00',502),('2023-08-03 06:29:39','UN',95,'碎冰之王',137,'default','2023-10-18 00:00:00',503),('2023-08-03 06:29:39','UO',95,'碎冰之王',137,'default','2023-10-18 00:00:00',504),('2023-08-03 06:29:39','UN',96,'努力啊大博文',10,'default','2023-10-19 00:00:00',505),('2023-08-03 06:29:39','UO',96,'努力啊大博文',10,'default','2023-10-19 00:00:00',506),('2023-08-03 06:29:39','UN',97,'星熊君之',69,'default','2023-10-20 00:00:00',507),('2023-08-03 06:29:39','UO',97,'星熊君之',69,'default','2023-10-20 00:00:00',508),('2023-08-03 06:29:39','UN',98,'晨輝少爺',56,'default','2023-10-21 00:00:00',509),('2023-08-03 06:29:39','UO',98,'晨輝少爺',56,'default','2023-10-21 00:00:00',510),('2023-08-03 06:29:39','UN',99,'詩詩mio',189,'default','2023-10-22 00:00:00',511),('2023-08-03 06:29:39','UO',99,'詩詩mio',189,'default','2023-10-22 00:00:00',512),('2023-08-03 06:29:39','UN',100,'是你的迎臣呀',185,'default','2023-10-23 00:00:00',513),('2023-08-03 06:29:39','UO',100,'是你的迎臣呀',185,'default','2023-10-23 00:00:00',514),('2023-08-03 06:29:39','UN',101,'宏博氏',18,'default','2023-10-24 00:00:00',515),('2023-08-03 06:29:39','UO',101,'宏博氏',18,'default','2023-10-24 00:00:00',516),('2023-08-03 06:29:39','UN',102,'金剛鵬翼',182,'default','2023-10-25 00:00:00',517),('2023-08-03 06:29:39','UO',102,'金剛鵬翼',182,'default','2023-10-25 00:00:00',518),('2023-08-03 06:32:02','UN',5,'萊拉米勒',124,'default','2023-07-20 00:00:00',519),('2023-08-03 06:32:02','UO',5,'萊拉米勒  ',124,'default','2023-07-20 00:00:00',520),('2023-08-03 06:32:02','UN',2,'丹尼瑪澤',200,'default','2023-07-17 00:00:00',521),('2023-08-03 06:32:02','UO',2,'丹尼瑪澤  ',200,'default','2023-07-17 00:00:00',522),('2023-08-03 06:32:02','UN',1,'惡魔天使',176,'default','2023-07-16 00:00:00',523),('2023-08-03 06:32:02','UO',1,'惡魔天使嗨',176,'default','2023-07-16 00:00:00',524),('2023-08-03 06:32:02','UN',4,'夜鷹',25,'default','2023-07-19 00:00:00',525),('2023-08-03 06:32:02','UO',4,'夜鷹  ',25,'default','2023-07-19 00:00:00',526),('2023-08-03 06:32:02','UN',6,'天體',45,'default','2023-07-21 00:00:00',527),('2023-08-03 06:32:02','UO',6,'天體  ',45,'default','2023-07-21 00:00:00',528),('2023-08-03 06:32:02','UN',7,'幻影記者',121,'default','2023-07-22 00:00:00',529),('2023-08-03 06:32:02','UO',7,'幻影記者  ',121,'default','2023-07-22 00:00:00',530),('2023-08-03 06:32:02','UN',8,'月龍',141,'default','2023-07-23 00:00:00',531),('2023-08-03 06:32:02','UO',8,'月龍  ',141,'default','2023-07-23 00:00:00',532),('2023-08-03 06:32:02','UN',9,'MK14',139,'default','2023-07-24 00:00:00',533),('2023-08-03 06:32:02','UO',9,'MK14  ',139,'default','2023-07-24 00:00:00',534),('2023-08-03 06:32:02','UN',10,'P14C',36,'default','2023-07-25 00:00:00',535),('2023-08-03 06:32:02','UO',10,'P14C  ',36,'default','2023-07-25 00:00:00',536),('2023-08-03 06:32:02','UN',11,'M249',38,'default','2023-07-26 00:00:00',537),('2023-08-03 06:32:02','UO',11,'M249  ',38,'default','2023-07-26 00:00:00',538),('2023-08-03 06:32:02','UN',12,'G36C',135,'default','2023-07-27 00:00:00',539),('2023-08-03 06:32:02','UO',12,'G36C  ',135,'default','2023-07-27 00:00:00',540),('2023-08-03 06:32:02','UN',13,'三和',162,'default','2023-07-28 00:00:00',541),('2023-08-03 06:32:02','UO',13,'三和  ',162,'default','2023-07-28 00:00:00',542),('2023-08-03 06:32:02','UN',14,'蚯蚓_吉姆',75,'default','2023-07-29 00:00:00',543),('2023-08-03 06:32:02','UO',14,'蚯蚓_吉姆  ',75,'default','2023-07-29 00:00:00',544),('2023-08-03 06:32:02','UN',15,'勞拉克羅夫特',131,'default','2023-07-30 00:00:00',545),('2023-08-03 06:32:02','UO',15,'勞拉克羅夫特  ',131,'default','2023-07-30 00:00:00',546),('2023-08-03 06:32:02','UN',16,'吃豆人',153,'default','2023-07-31 00:00:00',547),('2023-08-03 06:32:02','UO',16,'吃豆人  ',153,'default','2023-07-31 00:00:00',548),('2023-08-03 06:32:02','UN',17,'埃齊奧',135,'default','2023-08-01 00:00:00',549),('2023-08-03 06:32:02','UO',17,'埃齊奧  ',135,'default','2023-08-01 00:00:00',550),('2023-08-03 06:32:02','UN',19,'寶_兄弟',5,'default','2023-08-03 00:00:00',551),('2023-08-03 06:32:02','UO',19,'寶_兄弟  ',5,'default','2023-08-03 00:00:00',552),('2023-08-03 06:32:02','UN',20,'史詩',56,'default','2023-08-04 00:00:00',553),('2023-08-03 06:32:02','UO',20,'史詩  ',56,'default','2023-08-04 00:00:00',554),('2023-08-03 06:32:02','UN',21,'煙霧',30,'default','2023-08-05 00:00:00',555),('2023-08-03 06:32:02','UO',21,'煙霧  ',30,'default','2023-08-05 00:00:00',556),('2023-08-03 06:32:02','UN',23,'沙沙',100,'default','2023-08-07 00:00:00',557),('2023-08-03 06:32:02','UO',23,'沙沙  ',100,'default','2023-08-07 00:00:00',558),('2023-08-03 06:32:02','UN',24,'努賓斯·古迪',121,'default','2023-08-08 00:00:00',559),('2023-08-03 06:32:02','UO',24,'努賓斯·古迪  ',121,'default','2023-08-08 00:00:00',560),('2023-08-03 06:32:02','UN',26,'監護人',137,'default','2023-08-10 00:00:00',561),('2023-08-03 06:32:02','UO',26,'監護人  ',137,'default','2023-08-10 00:00:00',562),('2023-08-03 06:32:02','UN',27,'奇塔里',93,'default','2023-08-11 00:00:00',563),('2023-08-03 06:32:02','UO',27,'奇塔里  ',93,'default','2023-08-11 00:00:00',564),('2023-08-03 06:32:02','UN',28,'毒刺',11,'default','2023-08-12 00:00:00',565),('2023-08-03 06:32:02','UO',28,'毒刺  ',11,'default','2023-08-12 00:00:00',566),('2023-08-03 06:32:02','UN',29,'擁抱',175,'default','2023-08-13 00:00:00',567),('2023-08-03 06:32:02','UO',29,'擁抱  ',175,'default','2023-08-13 00:00:00',568),('2023-08-03 06:32:02','UN',31,'藍精靈',2,'default','2023-08-15 00:00:00',569),('2023-08-03 06:32:02','UO',31,'藍精靈  ',2,'default','2023-08-15 00:00:00',570),('2023-08-03 06:32:02','UN',32,'PK',28,'default','2023-08-16 00:00:00',571),('2023-08-03 06:32:02','UO',32,'PK  ',28,'default','2023-08-16 00:00:00',572),('2023-08-03 06:32:02','UN',33,'哈巴狗',8,'default','2023-08-17 00:00:00',573),('2023-08-03 06:32:02','UO',33,'哈巴狗  ',8,'default','2023-08-17 00:00:00',574),('2023-08-03 06:32:02','UN',34,'WTH',142,'default','2023-08-18 00:00:00',575),('2023-08-03 06:32:02','UO',34,'WTH  ',142,'default','2023-08-18 00:00:00',576),('2023-08-03 06:32:02','UN',36,'國標',116,'default','2023-08-20 00:00:00',577),('2023-08-03 06:32:02','UO',36,'國標  ',116,'default','2023-08-20 00:00:00',578),('2023-08-03 06:32:02','UN',37,'帥哥傑克',64,'default','2023-08-21 00:00:00',579),('2023-08-03 06:32:02','UO',37,'帥哥傑克  ',64,'default','2023-08-21 00:00:00',580),('2023-08-03 06:32:02','UN',38,'法格斯',161,'default','2023-08-22 00:00:00',581),('2023-08-03 06:32:02','UO',38,'法格斯  ',161,'default','2023-08-22 00:00:00',582),('2023-08-03 06:32:02','UN',40,'班卓琴',187,'default','2023-08-24 00:00:00',583),('2023-08-03 06:32:02','UO',40,'班卓琴  ',187,'default','2023-08-24 00:00:00',584),('2023-08-03 06:32:02','UN',43,'xQcOW',182,'default','2023-08-27 00:00:00',585),('2023-08-03 06:32:02','UO',43,'xQcOW  ',182,'default','2023-08-27 00:00:00',586),('2023-08-03 06:32:02','UN',47,'科斯庫',139,'default','2023-08-31 00:00:00',587),('2023-08-03 06:32:02','UO',47,'科斯庫  ',139,'default','2023-08-31 00:00:00',588),('2023-08-03 06:32:02','UN',48,'康',159,'default','2023-09-01 00:00:00',589),('2023-08-03 06:32:02','UO',48,'康  ',159,'default','2023-09-01 00:00:00',590),('2023-08-03 06:32:02','UN',49,'劉艾迪',184,'default','2023-09-02 00:00:00',591),('2023-08-03 06:32:02','UO',49,'劉艾迪  ',184,'default','2023-09-02 00:00:00',592),('2023-08-03 06:32:02','UN',50,'永生',157,'default','2023-09-03 00:00:00',593),('2023-08-03 06:32:02','UO',50,'永生  ',157,'default','2023-09-03 00:00:00',594),('2023-08-03 06:33:02','UN',51,'祖拉斯',52,'default','2023-09-04 00:00:00',595),('2023-08-03 06:33:02','UO',51,'祖拉斯  ',52,'default','2023-09-04 00:00:00',596),('2023-08-03 06:33:02','UN',53,'殺手鮑勃',137,'default','2023-09-06 00:00:00',597),('2023-08-03 06:33:02','UO',53,'殺手鮑勃  ',137,'default','2023-09-06 00:00:00',598),('2023-08-03 06:33:02','UN',54,'公主',58,'default','2023-09-07 00:00:00',599),('2023-08-03 06:33:02','UO',54,'公主  ',58,'default','2023-09-07 00:00:00',600),('2023-08-03 06:33:02','UN',55,'心理窺視',150,'default','2023-09-08 00:00:00',601),('2023-08-03 06:33:02','UO',55,'心理窺視  ',150,'default','2023-09-08 00:00:00',602),('2023-08-03 06:33:02','UN',56,'波里莫尼',72,'default','2023-09-09 00:00:00',603),('2023-08-03 06:33:02','UO',56,'波里莫尼  ',72,'default','2023-09-09 00:00:00',604),('2023-08-03 06:33:02','UN',57,'孤兒',40,'default','2023-09-10 00:00:00',605),('2023-08-03 06:33:02','UO',57,'孤兒  ',40,'default','2023-09-10 00:00:00',606),('2023-08-03 06:33:02','UN',58,'天天小公主',108,'default','2023-09-11 00:00:00',607),('2023-08-03 06:33:02','UO',58,'天天小公主  ',108,'default','2023-09-11 00:00:00',608),('2023-08-03 06:33:02','UN',60,'狙擊槍',76,'default','2023-09-13 00:00:00',609),('2023-08-03 06:33:02','UO',60,'狙擊槍  ',76,'default','2023-09-13 00:00:00',610),('2023-08-03 07:02:21','UN',45,'test124',20,'default','2023-05-28 07:35:20',611),('2023-08-03 07:02:21','UO',45,'test',20,'default','2023-05-28 07:35:20',612),('2023-08-03 07:06:51','UN',45,'我好棒',20,'default','2023-05-28 07:35:20',613),('2023-08-03 07:06:51','UO',45,'test124',20,'default','2023-05-28 07:35:20',614),('2023-08-03 07:07:22','UN',45,'我好棒',10,'default','2023-05-28 07:35:20',615),('2023-08-03 07:07:22','UO',45,'我好棒',20,'default','2023-05-28 07:35:20',616),('2023-08-03 07:10:32','UN',45,'我好棒',0,'default','2023-05-28 07:35:20',617),('2023-08-03 07:10:32','UO',45,'我好棒',10,'default','2023-05-28 07:35:20',618),('2023-08-03 07:10:50','UN',45,'我好棒12',0,'default','2023-05-28 07:35:20',619),('2023-08-03 07:10:50','UO',45,'我好棒',0,'default','2023-05-28 07:35:20',620),('2023-08-03 08:41:17','UN',42,'judy',20,'default','2023-05-26 10:06:16',621),('2023-08-03 08:41:17','UO',42,'玩家42',20,'default','2023-05-26 10:06:16',622),('2023-08-03 12:06:48','UN',42,'yy',20,'default','2023-05-26 10:06:16',623),('2023-08-03 12:06:48','UO',42,'judy',20,'default','2023-05-26 10:06:16',624),('2023-08-05 10:22:06','UN',45,'我好棒12',10,'default','2023-05-28 07:35:20',625),('2023-08-05 10:22:06','UO',45,'我好棒12',0,'default','2023-05-28 07:35:20',626),('2023-08-06 02:24:29','UN',45,'我好棒12',0,'default','2023-05-28 07:35:20',627),('2023-08-06 02:24:29','UO',45,'我好棒12',10,'default','2023-05-28 07:35:20',628),('2023-08-08 07:14:40','UN',45,'我好棒12',10,'default','2023-05-28 07:35:20',629),('2023-08-08 07:14:40','UO',45,'我好棒12',0,'default','2023-05-28 07:35:20',630),('2023-08-08 07:16:11','UN',45,'我好棒12',0,'default','2023-05-28 07:35:20',631),('2023-08-08 07:16:11','UO',45,'我好棒12',10,'default','2023-05-28 07:35:20',632),('2023-09-02 11:49:06','UN',45,'我好棒12',0,'default','2023-05-28 07:35:20',633),('2023-09-02 11:49:06','UO',45,'我好棒12',0,'default','2023-05-28 07:35:20',634),('2023-09-03 02:06:30','UN',45,'我好棒12',0,'default','2023-05-28 07:35:20',635),('2023-09-03 02:06:30','UO',45,'我好棒12',0,'default','2023-05-28 07:35:20',636),('2023-09-03 05:16:16','UN',45,'我好棒12',10,'default','2023-05-28 07:35:20',637),('2023-09-03 05:16:16','UO',45,'我好棒12',0,'default','2023-05-28 07:35:20',638);
/*!40000 ALTER TABLE `user_profile_for_trigger` ENABLE KEYS */;
UNLOCK TABLES;

--
-- Final view structure for view `book_and_beautytop`
--

/*!50001 DROP VIEW IF EXISTS `book_and_beautytop`*/;
/*!50001 SET @saved_cs_client          = @@character_set_client */;
/*!50001 SET @saved_cs_results         = @@character_set_results */;
/*!50001 SET @saved_col_connection     = @@collation_connection */;
/*!50001 SET character_set_client      = utf8mb4 */;
/*!50001 SET character_set_results     = utf8mb4 */;
/*!50001 SET collation_connection      = utf8mb4_0900_ai_ci */;
/*!50001 CREATE ALGORITHM=UNDEFINED */
/*!50013 DEFINER=`dog`@`%` SQL SECURITY DEFINER */
/*!50001 VIEW `book_and_beautytop` AS select `beauty_top_season`.`top` AS `top`,`beauty_top_season`.`name` AS `name`,`beauty_top_season`.`image` AS `image` from `beauty_top_season` where (`beauty_top_season`.`top` = 2) union select `beauty_top_season`.`top` AS `top`,`beauty_top_season`.`name` AS `name`,`beauty_top_season`.`image` AS `image` from `beauty_top_season` where (`beauty_top_season`.`top` = 1) union select `beauty_top_season`.`top` AS `top`,`beauty_top_season`.`name` AS `name`,`beauty_top_season`.`image` AS `image` from `beauty_top_season` where (`beauty_top_season`.`top` = 3) union select `books`.`Bid` AS `Bid`,`books`.`name` AS `name`,`books`.`image` AS `image` from `books` */;
/*!50001 SET character_set_client      = @saved_cs_client */;
/*!50001 SET character_set_results     = @saved_cs_results */;
/*!50001 SET collation_connection      = @saved_col_connection */;

--
-- Final view structure for view `ranks`
--

/*!50001 DROP VIEW IF EXISTS `ranks`*/;
/*!50001 SET @saved_cs_client          = @@character_set_client */;
/*!50001 SET @saved_cs_results         = @@character_set_results */;
/*!50001 SET @saved_col_connection     = @@collation_connection */;
/*!50001 SET character_set_client      = utf8mb4 */;
/*!50001 SET character_set_results     = utf8mb4 */;
/*!50001 SET collation_connection      = utf8mb4_0900_ai_ci */;
/*!50001 CREATE ALGORITHM=UNDEFINED */
/*!50013 DEFINER=`dog`@`%` SQL SECURITY DEFINER */
/*!50001 VIEW `ranks` AS select dense_rank() OVER (ORDER BY `user_profile`.`points` desc )  AS `division`,`user_profile`.`nickname` AS `nickname`,`user_profile`.`points` AS `points` from `user_profile` order by `user_profile`.`points` desc limit 100 */;
/*!50001 SET character_set_client      = @saved_cs_client */;
/*!50001 SET character_set_results     = @saved_cs_results */;
/*!50001 SET collation_connection      = @saved_col_connection */;
/*!40103 SET TIME_ZONE=@OLD_TIME_ZONE */;

/*!40101 SET SQL_MODE=@OLD_SQL_MODE */;
/*!40014 SET FOREIGN_KEY_CHECKS=@OLD_FOREIGN_KEY_CHECKS */;
/*!40014 SET UNIQUE_CHECKS=@OLD_UNIQUE_CHECKS */;
/*!40101 SET CHARACTER_SET_CLIENT=@OLD_CHARACTER_SET_CLIENT */;
/*!40101 SET CHARACTER_SET_RESULTS=@OLD_CHARACTER_SET_RESULTS */;
/*!40101 SET COLLATION_CONNECTION=@OLD_COLLATION_CONNECTION */;
/*!40111 SET SQL_NOTES=@OLD_SQL_NOTES */;

-- Dump completed on 2023-09-03 13:22:39
